label,qid,wikidataUrl,dateOfBirth,dateOfDeath,publicDomainYear
A. Cyrillo Soares,Q106508538,https://www.wikidata.org/wiki/Q106508538,1883-01-01T00:00:00Z,1950-01-01T00:00:00Z,2021
A. Leite Garcia,Q110023962,https://www.wikidata.org/wiki/Q110023962,1896-01-01T00:00:00Z,1951-01-01T00:00:00Z,2022
A. Louro,Q106465151,https://www.wikidata.org/wiki/Q106465151,1871-01-01T00:00:00Z,1949-01-01T00:00:00Z,2020
A. Nunes Aboim,Q104092323,https://www.wikidata.org/wiki/Q104092323,1914-01-01T00:00:00Z,1952-01-01T00:00:00Z,2023
Aarão Ferreira de Lacerda,Q9559855,https://www.wikidata.org/wiki/Q9559855,1863-10-03T00:00:00Z,1921-01-01T00:00:00Z,1992
Aarão de Lacerda,Q8183671,https://www.wikidata.org/wiki/Q8183671,1890-02-23T00:00:00Z,1947-09-07T00:00:00Z,2018
Abade Arede,Q5493123,https://www.wikidata.org/wiki/Q5493123,1869-12-11T00:00:00Z,1953-10-01T00:00:00Z,2024
Abade de Baçal,Q7601256,https://www.wikidata.org/wiki/Q7601256,1865-04-09T00:00:00Z,1947-11-13T00:00:00Z,2018
Abel Augusto Dias Urbano,Q47318532,https://www.wikidata.org/wiki/Q47318532,1868-01-01T00:00:00Z,1954-01-11T00:00:00Z,2025
Abel Botelho,Q318390,https://www.wikidata.org/wiki/Q318390,1854-09-23T00:00:00Z,1917-04-24T00:00:00Z,1988
Abel Botelho,Q318390,https://www.wikidata.org/wiki/Q318390,1855-09-23T00:00:00Z,1917-04-24T00:00:00Z,1988
Abel Fontoura da Costa,Q9560504,https://www.wikidata.org/wiki/Q9560504,1869-12-09T00:00:00Z,1940-12-07T00:00:00Z,2011
Abel Hipólito,Q16141859,https://www.wikidata.org/wiki/Q16141859,1860-01-01T00:00:00Z,1919-01-01T00:00:00Z,1990
Abel Salazar,Q4357361,https://www.wikidata.org/wiki/Q4357361,1889-07-19T00:00:00Z,1946-12-29T00:00:00Z,2017
Abel Vinha dos Santos,Q9560556,https://www.wikidata.org/wiki/Q9560556,1912-01-01T00:00:00Z,1939-01-01T00:00:00Z,2010
Abel de Matos Abreu,Q16141821,https://www.wikidata.org/wiki/Q16141821,1849-06-04T00:00:00Z,1931-10-29T00:00:00Z,2002
Abigail de Paiva Cruz,Q63183189,https://www.wikidata.org/wiki/Q63183189,1883-04-28T00:00:00Z,1944-10-08T00:00:00Z,2015
Abraham Teixeira de Mattos,Q22667510,https://www.wikidata.org/wiki/Q22667510,1750-01-01T00:00:00Z,1818-04-01T00:00:00Z,1889
Abílio Campos Monteiro,Q9561621,https://www.wikidata.org/wiki/Q9561621,1876-01-01T00:00:00Z,1933-01-01T00:00:00Z,2004
Abílio Garcia de Carvalho,Q13479478,https://www.wikidata.org/wiki/Q13479478,1890-07-18T00:00:00Z,1941-01-26T00:00:00Z,2012
Acácio Mesquita,Q4678032,https://www.wikidata.org/wiki/Q4678032,1909-07-18T00:00:00Z,1945-05-30T00:00:00Z,2016
Acácio de Paiva,Q2823815,https://www.wikidata.org/wiki/Q2823815,1863-04-14T00:00:00Z,1944-11-29T00:00:00Z,2015
Acúrcio Mendes da Rocha Dinis,Q16141838,https://www.wikidata.org/wiki/Q16141838,1885-10-28T00:00:00Z,1943-08-08T00:00:00Z,2014
Adalberto Gastão de Sousa Dias,Q9582214,https://www.wikidata.org/wiki/Q9582214,1865-12-31T00:00:00Z,1934-04-27T00:00:00Z,2005
Adalberto Veiga,Q109984074,https://www.wikidata.org/wiki/Q109984074,1875-01-01T00:00:00Z,1951-01-01T00:00:00Z,2022
Adelaide Cabete,Q2817337,https://www.wikidata.org/wiki/Q2817337,1867-01-25T00:00:00Z,1935-09-14T00:00:00Z,2006
Adelaide Penha de Magalhães,Q10844981,https://www.wikidata.org/wiki/Q10844981,1874-05-19T00:00:00Z,1945-04-12T00:00:00Z,2016
Adelaide de Sousa Pereira Cordeiro,Q16142665,https://www.wikidata.org/wiki/Q16142665,1853-01-24T00:00:00Z,1919-01-01T00:00:00Z,1990
Adelina Abranches,Q4681944,https://www.wikidata.org/wiki/Q4681944,1866-08-15T00:00:00Z,1945-11-21T00:00:00Z,2016
Adelina Lopes Vieira,Q8188119,https://www.wikidata.org/wiki/Q8188119,1850-09-20T00:00:00Z,1923-02-02T00:00:00Z,1994
Adelina da Glória Berger,Q9582544,https://www.wikidata.org/wiki/Q9582544,1865-03-28T00:00:00Z,1922-07-29T00:00:00Z,1993
Adelino Delduque da Costa,Q47318460,https://www.wikidata.org/wiki/Q47318460,1889-06-10T00:00:00Z,1953-06-25T00:00:00Z,2024
Adelino Nunes,Q16142804,https://www.wikidata.org/wiki/Q16142804,1903-08-14T00:00:00Z,1948-12-07T00:00:00Z,2019
Adelino Pereira da Silva,Q122912574,https://www.wikidata.org/wiki/Q122912574,1862-02-06T00:00:00Z,1930-04-28T00:00:00Z,2001
Adeodato Barreto,Q4682326,https://www.wikidata.org/wiki/Q4682326,1905-12-03T00:00:00Z,1937-08-06T00:00:00Z,2008
Adolfo Augusto Baptista Ramires,Q113847222,https://www.wikidata.org/wiki/Q113847222,1868-01-01T00:00:00Z,1952-03-10T00:00:00Z,2023
Adolfo Augusto de Oliveira Coutinho,Q130272914,https://www.wikidata.org/wiki/Q130272914,1875-01-25T00:00:00Z,1950-01-07T00:00:00Z,2021
Adolfo Benarus,Q109583130,https://www.wikidata.org/wiki/Q109583130,1863-03-20T00:00:00Z,1950-11-24T00:00:00Z,2021
Adolfo César de Medeiros Greno,Q133285309,https://www.wikidata.org/wiki/Q133285309,1854-09-08T00:00:00Z,1901-06-26T00:00:00Z,1972
Adolfo César de Pina,Q130337270,https://www.wikidata.org/wiki/Q130337270,1865-03-21T00:00:00Z,1943-12-18T00:00:00Z,2014
Adolfo Faria de Castro,Q137399341,https://www.wikidata.org/wiki/Q137399341,1904-01-01T00:00:00Z,1955-01-01T00:00:00Z,2026
Adolfo Ferreira Loureiro,Q19607365,https://www.wikidata.org/wiki/Q19607365,1836-12-12T00:00:00Z,1911-11-22T00:00:00Z,1982
Adolfo Lima,Q9583502,https://www.wikidata.org/wiki/Q9583502,1874-01-01T00:00:00Z,1943-01-01T00:00:00Z,2014
Adolfo Lima,Q9583502,https://www.wikidata.org/wiki/Q9583502,1874-01-01T00:00:00Z,1943-11-27T00:00:00Z,2014
Adolfo Lima,Q9583502,https://www.wikidata.org/wiki/Q9583502,1874-05-28T00:00:00Z,1943-01-01T00:00:00Z,2014
Adolfo Lima,Q9583502,https://www.wikidata.org/wiki/Q9583502,1874-05-28T00:00:00Z,1943-11-27T00:00:00Z,2014
Adolfo Möller,Q56202949,https://www.wikidata.org/wiki/Q56202949,1842-10-31T00:00:00Z,1920-06-20T00:00:00Z,1991
Adolfo Rodrigues da Costa Portela,Q16143891,https://www.wikidata.org/wiki/Q16143891,1866-08-16T00:00:00Z,1923-11-17T00:00:00Z,1994
Adolfo de Azevedo Souto,Q123011084,https://www.wikidata.org/wiki/Q123011084,1878-01-01T00:00:00Z,1953-01-01T00:00:00Z,2024
Adolfo de Lima Mayer,Q110855034,https://www.wikidata.org/wiki/Q110855034,1838-10-27T00:00:00Z,1918-03-16T00:00:00Z,1989
Adriano Abílio de Sá,Q113848229,https://www.wikidata.org/wiki/Q113848229,1860-01-01T00:00:00Z,1952-01-01T00:00:00Z,2023
Adriano Antero,Q9583915,https://www.wikidata.org/wiki/Q9583915,1846-01-01T00:00:00Z,1934-01-01T00:00:00Z,2005
Adriano Augusto Trigo,Q111732076,https://www.wikidata.org/wiki/Q111732076,1862-11-13T00:00:00Z,1926-06-04T00:00:00Z,1997
Adriano Augusto de Abreu Cardoso Machado,Q26256216,https://www.wikidata.org/wiki/Q26256216,1829-07-17T00:00:00Z,1891-05-25T00:00:00Z,1962
Adriano Gomes Pimenta,Q9583950,https://www.wikidata.org/wiki/Q9583950,1883-01-01T00:00:00Z,1926-12-15T00:00:00Z,1997
Adriano Maurício Guilherme Ferreri,Q131308825,https://www.wikidata.org/wiki/Q131308825,1798-05-03T00:00:00Z,1860-03-14T00:00:00Z,1931
Adriano Viégas da Cunha Lucas,Q104623814,https://www.wikidata.org/wiki/Q104623814,1883-01-01T00:00:00Z,1950-01-01T00:00:00Z,2021
Adriano de Paiva,Q1145673,https://www.wikidata.org/wiki/Q1145673,1847-01-01T00:00:00Z,1907-01-01T00:00:00Z,1978
Adriano de Sousa Lopes,Q12344672,https://www.wikidata.org/wiki/Q12344672,1879-02-20T00:00:00Z,1944-04-21T00:00:00Z,2015
Adrião Acácio da Silveira Pinto,Q9584071,https://www.wikidata.org/wiki/Q9584071,1792-01-01T00:00:00Z,1865-03-23T00:00:00Z,1936
Afonso Acácio Martins Velho,Q16142215,https://www.wikidata.org/wiki/Q16142215,1848-01-01T00:00:00Z,1929-01-21T00:00:00Z,2000
Afonso Augusto Bourbon e Menezes,Q23778131,https://www.wikidata.org/wiki/Q23778131,1890-02-20T00:00:00Z,1948-09-08T00:00:00Z,2019
Afonso Brás,Q16501224,https://www.wikidata.org/wiki/Q16501224,1524-01-01T00:00:00Z,1610-05-20T00:00:00Z,1681
Afonso Caetano,Q9587027,https://www.wikidata.org/wiki/Q9587027,1854-01-01T00:00:00Z,1940-08-07T00:00:00Z,2011
Afonso Costa,Q383401,https://www.wikidata.org/wiki/Q383401,1871-03-06T00:00:00Z,1937-05-11T00:00:00Z,2008
Afonso Ernesto de Barros,Q97168188,https://www.wikidata.org/wiki/Q97168188,1836-03-13T00:00:00Z,1927-03-12T00:00:00Z,1998
Afonso Fernández Cubel,Q106424270,https://www.wikidata.org/wiki/Q106424270,1300-01-01T00:00:00Z,1400-01-01T00:00:00Z,1471
"Afonso Furtado de Mendonça, 3.º Visconde de Barbacena",Q9587108,https://www.wikidata.org/wiki/Q9587108,1690-11-28T00:00:00Z,1799-01-01T00:00:00Z,1870
Afonso Lopes Vieira,Q383450,https://www.wikidata.org/wiki/Q383450,1878-01-16T00:00:00Z,1946-01-25T00:00:00Z,2017
Afonso Lopes Vieira,Q383450,https://www.wikidata.org/wiki/Q383450,1878-01-26T00:00:00Z,1946-01-25T00:00:00Z,2017
Afonso Taveira,Q106602480,https://www.wikidata.org/wiki/Q106602480,1850-01-06T00:00:00Z,1916-11-08T00:00:00Z,1987
Afonso Veríssimo de Azevedo Zúquete,Q124355598,https://www.wikidata.org/wiki/Q124355598,1883-04-26T00:00:00Z,1936-02-26T00:00:00Z,2007
"Afonso de Bragança, Duque do Porto",Q568849,https://www.wikidata.org/wiki/Q568849,1865-07-31T00:00:00Z,1920-02-21T00:00:00Z,1991
Afonso de Dornelas,Q9587373,https://www.wikidata.org/wiki/Q9587373,1880-03-29T00:00:00Z,1944-02-09T00:00:00Z,2015
Afonso de Lencastre,Q4689393,https://www.wikidata.org/wiki/Q4689393,1597-01-01T00:00:00Z,1654-01-01T00:00:00Z,1725
Afonso de Noronha,Q114002256,https://www.wikidata.org/wiki/Q114002256,1490-01-01T00:00:00Z,1516-05-29T00:00:00Z,1587
"Afonso de Portugal, 2.º Conde de Vimioso",Q8195245,https://www.wikidata.org/wiki/Q8195245,1519-01-01T00:00:00Z,1579-01-01T00:00:00Z,1650
Agnelo Casimiro,Q20047954,https://www.wikidata.org/wiki/Q20047954,1879-08-09T00:00:00Z,1952-11-20T00:00:00Z,2023
Agostinho Antunes de Azevedo,Q16486274,https://www.wikidata.org/wiki/Q16486274,1876-06-09T00:00:00Z,1943-07-14T00:00:00Z,2014
Agostinho António do Souto,Q125739285,https://www.wikidata.org/wiki/Q125739285,1825-02-25T00:00:00Z,1911-02-11T00:00:00Z,1982
Agostinho Caetano Correia Afonso,Q109996842,https://www.wikidata.org/wiki/Q109996842,1886-06-16T00:00:00Z,1951-10-02T00:00:00Z,2022
Agostinho José Fortes,Q105711072,https://www.wikidata.org/wiki/Q105711072,1869-01-01T00:00:00Z,1940-01-01T00:00:00Z,2011
Agostinho Pedro da Silva Vilhena,Q9588375,https://www.wikidata.org/wiki/Q9588375,1822-06-19T00:00:00Z,1894-01-30T00:00:00Z,1965
Agostinho de Campos,Q9588418,https://www.wikidata.org/wiki/Q9588418,1870-07-21T00:00:00Z,1944-01-24T00:00:00Z,2015
Agostinho de Jesus e Sousa,Q63213028,https://www.wikidata.org/wiki/Q63213028,1877-03-07T00:00:00Z,1952-02-21T00:00:00Z,2023
Aires Jácome Correia,Q16144891,https://www.wikidata.org/wiki/Q16144891,1882-08-09T00:00:00Z,1937-01-01T00:00:00Z,2008
Aires Jácome Correia,Q16144891,https://www.wikidata.org/wiki/Q16144891,1882-08-09T00:00:00Z,1937-10-21T00:00:00Z,2008
Aires Kopke,Q9593087,https://www.wikidata.org/wiki/Q9593087,1866-02-14T00:00:00Z,1947-01-01T00:00:00Z,2018
Aires de Ornelas,Q9593108,https://www.wikidata.org/wiki/Q9593108,1866-03-05T00:00:00Z,1930-12-14T00:00:00Z,2001
Aires de Saldanha,Q4698676,https://www.wikidata.org/wiki/Q4698676,1542-01-01T00:00:00Z,1605-01-01T00:00:00Z,1676
Aires de Sá,Q110023030,https://www.wikidata.org/wiki/Q110023030,1873-01-01T00:00:00Z,1951-01-01T00:00:00Z,2022
Albano Augusto Nogueira de Sousa,Q131405472,https://www.wikidata.org/wiki/Q131405472,1877-06-09T00:00:00Z,1954-05-10T00:00:00Z,2025
Albano Justino Lopes Gonçalves,Q16486803,https://www.wikidata.org/wiki/Q16486803,1863-12-14T00:00:00Z,1929-11-14T00:00:00Z,2000
Albano Portugal Durão,Q9593945,https://www.wikidata.org/wiki/Q9593945,1871-03-22T00:00:00Z,1925-11-13T00:00:00Z,1996
Albano de Melo Ribeiro Pinto,Q9593964,https://www.wikidata.org/wiki/Q9593964,1844-03-19T00:00:00Z,1931-03-27T00:00:00Z,2002
Albertina Maria da Costa,Q113849547,https://www.wikidata.org/wiki/Q113849547,1887-01-01T00:00:00Z,1952-01-01T00:00:00Z,2023
Albertina Paraíso,Q30611296,https://www.wikidata.org/wiki/Q30611296,1864-01-11T00:00:00Z,1954-02-25T00:00:00Z,2025
Alberto Aires de Gouveia,Q16501255,https://www.wikidata.org/wiki/Q16501255,1867-03-03T00:00:00Z,1941-10-02T00:00:00Z,2012
Alberto Aprá,Q113849900,https://www.wikidata.org/wiki/Q113849900,1871-08-26T00:00:00Z,1952-10-06T00:00:00Z,2023
Alberto Araújo,Q106542343,https://www.wikidata.org/wiki/Q106542343,1909-12-14T00:00:00Z,1955-03-19T00:00:00Z,2026
Alberto Artur Sarmento,Q85917998,https://www.wikidata.org/wiki/Q85917998,1878-07-07T00:00:00Z,1953-03-23T00:00:00Z,2024
Alberto Bessa,Q110137063,https://www.wikidata.org/wiki/Q110137063,1861-01-01T00:00:00Z,1938-01-27T00:00:00Z,2009
Alberto Braga,Q9594173,https://www.wikidata.org/wiki/Q9594173,1851-01-01T00:00:00Z,1911-01-01T00:00:00Z,1982
Alberto Carlos Lima,Q81922548,https://www.wikidata.org/wiki/Q81922548,1872-01-01T00:00:00Z,1949-01-01T00:00:00Z,2020
Alberto David Branquinho,Q23778038,https://www.wikidata.org/wiki/Q23778038,1878-09-20T00:00:00Z,1932-07-27T00:00:00Z,2003
Alberto Goulart de Medeiros,Q9594252,https://www.wikidata.org/wiki/Q9594252,1863-11-10T00:00:00Z,1945-05-11T00:00:00Z,2016
Alberto Júlio Brito e Cunha,Q139086747,https://www.wikidata.org/wiki/Q139086747,1857-03-04T00:00:00Z,1935-06-03T00:00:00Z,2006
Alberto Lello Potella,Q2831780,https://www.wikidata.org/wiki/Q2831780,1893-06-10T00:00:00Z,1949-10-10T00:00:00Z,2020
Alberto Mac-Bride Fernandes,Q123011509,https://www.wikidata.org/wiki/Q123011509,1886-09-11T00:00:00Z,1953-01-29T00:00:00Z,2024
Alberto Morais do Valle,Q8193540,https://www.wikidata.org/wiki/Q8193540,1901-01-01T00:00:00Z,1955-01-01T00:00:00Z,2026
Alberto Osório de Castro,Q16487059,https://www.wikidata.org/wiki/Q16487059,1868-03-01T00:00:00Z,1946-01-01T00:00:00Z,2017
Alberto Pimentel,Q16487084,https://www.wikidata.org/wiki/Q16487084,1849-04-14T00:00:00Z,1925-01-01T00:00:00Z,1996
Alberto Pimentel,Q16487084,https://www.wikidata.org/wiki/Q16487084,1849-04-14T00:00:00Z,1925-07-19T00:00:00Z,1996
"Alberto Pimentel, Filho",Q104625242,https://www.wikidata.org/wiki/Q104625242,1875-01-01T00:00:00Z,1950-01-01T00:00:00Z,2021
Alberto Pinto,Q105086257,https://www.wikidata.org/wiki/Q105086257,1861-01-01T00:00:00Z,1928-01-01T00:00:00Z,1999
Alberto Raposo,Q11904829,https://www.wikidata.org/wiki/Q11904829,1921-12-12T00:00:00Z,1944-01-01T00:00:00Z,2015
Alberto Rocha Saraiva,Q9594484,https://www.wikidata.org/wiki/Q9594484,1886-10-19T00:00:00Z,1946-10-26T00:00:00Z,2017
Alberto Sanches de Castro,Q9594530,https://www.wikidata.org/wiki/Q9594530,1888-03-27T00:00:00Z,1934-04-27T00:00:00Z,2005
Alberto Silveira Ávila de Melo,Q16487268,https://www.wikidata.org/wiki/Q16487268,1891-01-01T00:00:00Z,1946-01-01T00:00:00Z,2017
Alberto Teles de Utra Machado,Q16487343,https://www.wikidata.org/wiki/Q16487343,1840-01-24T00:00:00Z,1923-01-12T00:00:00Z,1994
Alberto Veloso de Araújo,Q113850485,https://www.wikidata.org/wiki/Q113850485,1897-01-01T00:00:00Z,1952-01-01T00:00:00Z,2023
Alberto d'Oliveira,Q9594594,https://www.wikidata.org/wiki/Q9594594,1873-06-13T00:00:00Z,1940-04-23T00:00:00Z,2011
Alberto da Silveira,Q9594609,https://www.wikidata.org/wiki/Q9594609,1859-02-23T00:00:00Z,1927-04-22T00:00:00Z,1998
Alberto da Veiga Simões,Q47318259,https://www.wikidata.org/wiki/Q47318259,1888-12-16T00:00:00Z,1954-12-01T00:00:00Z,2025
Alberto de Aguiar,Q9594617,https://www.wikidata.org/wiki/Q9594617,1868-09-22T00:00:00Z,1948-04-27T00:00:00Z,2019
Alberto de Almeida Teixeira,Q55687216,https://www.wikidata.org/wiki/Q55687216,1870-01-01T00:00:00Z,1952-01-01T00:00:00Z,2023
Albino Armando,Q104625385,https://www.wikidata.org/wiki/Q104625385,1895-01-01T00:00:00Z,1950-01-01T00:00:00Z,2021
Albino Forjaz de Sampaio,Q188846,https://www.wikidata.org/wiki/Q188846,1884-01-19T00:00:00Z,1949-03-11T00:00:00Z,2020
Albino Forjaz de Sampaio,Q188846,https://www.wikidata.org/wiki/Q188846,1884-01-19T00:00:00Z,1949-03-13T00:00:00Z,2020
Albino Pereira Magno,Q78345051,https://www.wikidata.org/wiki/Q78345051,1859-01-01T00:00:00Z,1949-01-01T00:00:00Z,2020
Albino Vieira da Rocha,Q106464400,https://www.wikidata.org/wiki/Q106464400,1885-10-24T00:00:00Z,1950-04-24T00:00:00Z,2021
Albino de Menezes,Q78341640,https://www.wikidata.org/wiki/Q78341640,1889-12-18T00:00:00Z,1949-01-01T00:00:00Z,2020
Alda Guerreiro,Q47803597,https://www.wikidata.org/wiki/Q47803597,1878-01-01T00:00:00Z,1943-01-01T00:00:00Z,2014
Alda Santos,Q105717055,https://www.wikidata.org/wiki/Q105717055,1870-04-21T00:00:00Z,1944-02-18T00:00:00Z,2015
"Aldegundes de Bragança, Duquesa de Guimarães",Q181415,https://www.wikidata.org/wiki/Q181415,1858-11-10T00:00:00Z,1946-04-15T00:00:00Z,2017
Aleixo de Queiroz Ribeiro,Q50031860,https://www.wikidata.org/wiki/Q50031860,1868-04-18T00:00:00Z,1917-05-06T00:00:00Z,1988
Alexander I. Pogrebetsky,Q21176730,https://www.wikidata.org/wiki/Q21176730,1891-01-01T00:00:00Z,1952-10-13T00:00:00Z,2023
"Alexandre Braga, filho",Q9601902,https://www.wikidata.org/wiki/Q9601902,1868-11-18T00:00:00Z,1921-04-07T00:00:00Z,1992
"Alexandre Braga, filho",Q9601902,https://www.wikidata.org/wiki/Q9601902,1871-11-10T00:00:00Z,1921-04-07T00:00:00Z,1992
Alexandre Domingos Henriques Pereira de Faria Saldanha Vasconcelos e Lancastre,Q16488076,https://www.wikidata.org/wiki/Q16488076,1853-11-27T00:00:00Z,1917-04-19T00:00:00Z,1988
Alexandre Ferreira,Q104698864,https://www.wikidata.org/wiki/Q104698864,1877-01-01T00:00:00Z,1950-01-01T00:00:00Z,2021
Alexandre Ferreira Cabral Pais do Amaral,Q25441606,https://www.wikidata.org/wiki/Q25441606,1859-02-26T00:00:00Z,1919-08-07T00:00:00Z,1990
Alexandre Martins Pamplona Ramos,Q16488149,https://www.wikidata.org/wiki/Q16488149,1865-06-06T00:00:00Z,1933-02-04T00:00:00Z,2004
Alexandre Nunes da Costa,Q102355581,https://www.wikidata.org/wiki/Q102355581,1655-01-01T00:00:00Z,1712-01-01T00:00:00Z,1783
Alexandre Rey Colaço,Q3817108,https://www.wikidata.org/wiki/Q3817108,1854-04-30T00:00:00Z,1928-09-11T00:00:00Z,1999
Alexandre de Sá Pinto,Q139890515,https://www.wikidata.org/wiki/Q139890515,1833-12-07T00:00:00Z,1926-04-02T00:00:00Z,1997
Alexandre de Vasconcelos e Sá,Q16488211,https://www.wikidata.org/wiki/Q16488211,1872-01-01T00:00:00Z,1929-01-01T00:00:00Z,2000
Alexandre de Vasconcelos e Sá,Q131417532,https://www.wikidata.org/wiki/Q131417532,1895-01-01T00:00:00Z,1954-01-01T00:00:00Z,2025
Alexandrina de Balazar,Q272217,https://www.wikidata.org/wiki/Q272217,1904-03-30T00:00:00Z,1955-10-13T00:00:00Z,2026
Alfonso Nunes de Mattos,Q15782332,https://www.wikidata.org/wiki/Q15782332,1875-01-01T00:00:00Z,1946-01-01T00:00:00Z,2017
Alfonso Vaz de Acosta,Q112593958,https://www.wikidata.org/wiki/Q112593958,http://www.wikidata.org/.well-known/genid/56cea2ddeb3f8666f8297cb9e4fefd38,1660-04-05T00:00:00Z,1731
Alfredo Augusto Freire de Andrade,Q16488284,https://www.wikidata.org/wiki/Q16488284,1859-01-01T00:00:00Z,1929-01-01T00:00:00Z,2000
Alfredo Augusto das Neves Holtreman,Q9602854,https://www.wikidata.org/wiki/Q9602854,1837-04-06T00:00:00Z,1920-06-07T00:00:00Z,1991
Alfredo Augusto de Albuquerque,Q9602862,https://www.wikidata.org/wiki/Q9602862,1875-01-01T00:00:00Z,1910-01-01T00:00:00Z,1981
Alfredo Augusto de Oliveira Machado e Costa,Q54634282,https://www.wikidata.org/wiki/Q54634282,1870-12-31T00:00:00Z,1952-01-01T00:00:00Z,2023
Alfredo Augusto de Soveral Martins,Q1636522,https://www.wikidata.org/wiki/Q1636522,1869-06-07T00:00:00Z,1938-07-08T00:00:00Z,2009
Alfredo Azancot,Q16297560,https://www.wikidata.org/wiki/Q16297560,1872-02-01T00:00:00Z,1937-01-01T00:00:00Z,2008
Alfredo Baptista Coelho,Q100775769,https://www.wikidata.org/wiki/Q100775769,1865-12-24T00:00:00Z,1952-06-28T00:00:00Z,2023
Alfredo Bensaúde,Q1528489,https://www.wikidata.org/wiki/Q1528489,1856-03-04T00:00:00Z,1941-01-01T00:00:00Z,2012
Alfredo Borges da Silva,Q115843121,https://www.wikidata.org/wiki/Q115843121,1857-05-15T00:00:00Z,1924-07-30T00:00:00Z,1995
Alfredo Brandão Cró de Castro Ferreri,Q30934578,https://www.wikidata.org/wiki/Q30934578,1849-03-03T00:00:00Z,1895-09-11T00:00:00Z,1966
Alfredo Brochado,Q78348797,https://www.wikidata.org/wiki/Q78348797,1897-02-03T00:00:00Z,1949-05-16T00:00:00Z,2020
Alfredo Caldeira,Q106542359,https://www.wikidata.org/wiki/Q106542359,1908-07-11T00:00:00Z,1938-12-01T00:00:00Z,2009
Alfredo Carneiro da Cunha,Q16488312,https://www.wikidata.org/wiki/Q16488312,1863-12-21T00:00:00Z,1942-11-25T00:00:00Z,2013
Alfredo Cortês,Q1442410,https://www.wikidata.org/wiki/Q1442410,1880-07-29T00:00:00Z,1946-04-07T00:00:00Z,2017
Alfredo Dinis,Q2542209,https://www.wikidata.org/wiki/Q2542209,1917-01-01T00:00:00Z,1945-07-04T00:00:00Z,2016
Alfredo Djalme de Azevedo,Q60437145,https://www.wikidata.org/wiki/Q60437145,1864-01-01T00:00:00Z,1929-01-01T00:00:00Z,2000
Alfredo Duprat,Q5094283,https://www.wikidata.org/wiki/Q5094283,1810-06-21T00:00:00Z,1881-08-24T00:00:00Z,1952
Alfredo Gallis,Q16488357,https://www.wikidata.org/wiki/Q16488357,1859-11-17T00:00:00Z,1910-11-24T00:00:00Z,1981
Alfredo Guimarães,Q113488978,https://www.wikidata.org/wiki/Q113488978,1884-04-22T00:00:00Z,1918-04-09T00:00:00Z,1989
Alfredo José Torquato Pinheiro,Q52155425,https://www.wikidata.org/wiki/Q52155425,1850-10-23T00:00:00Z,1910-02-13T00:00:00Z,1981
Alfredo Luís Campos,Q9603051,https://www.wikidata.org/wiki/Q9603051,1856-03-18T00:00:00Z,1931-01-13T00:00:00Z,2002
Alfredo Mascarenhas,Q16488397,https://www.wikidata.org/wiki/Q16488397,1882-01-01T00:00:00Z,1945-01-01T00:00:00Z,2016
Alfredo Miguéis,Q16488404,https://www.wikidata.org/wiki/Q16488404,1883-01-01T00:00:00Z,1943-01-01T00:00:00Z,2014
Alfredo Napoleão,Q16488410,https://www.wikidata.org/wiki/Q16488410,1852-01-31T00:00:00Z,1917-11-23T00:00:00Z,1988
Alfredo Pereira,Q16488434,https://www.wikidata.org/wiki/Q16488434,1853-10-08T00:00:00Z,1925-03-29T00:00:00Z,1996
Alfredo Pimenta,Q4723837,https://www.wikidata.org/wiki/Q4723837,1882-12-03T00:00:00Z,1950-10-15T00:00:00Z,2021
Alfredo Rodrigues Gaspar,Q357343,https://www.wikidata.org/wiki/Q357343,1865-12-08T00:00:00Z,1938-11-30T00:00:00Z,2009
Alfredo Vieira Pinto de Vilas-Boas,Q9603213,https://www.wikidata.org/wiki/Q9603213,1860-09-06T00:00:00Z,1926-02-26T00:00:00Z,1997
Alfredo d'Andrade,Q3611528,https://www.wikidata.org/wiki/Q3611528,1839-08-26T00:00:00Z,1915-11-30T00:00:00Z,1986
Alfredo da Silva,Q16488447,https://www.wikidata.org/wiki/Q16488447,1871-06-30T00:00:00Z,1942-08-22T00:00:00Z,2013
Alfredo da Silva Sampaio,Q9603234,https://www.wikidata.org/wiki/Q9603234,1862-09-19T00:00:00Z,1918-11-21T00:00:00Z,1989
Alfredo de Albuquerque Felner,Q125353258,https://www.wikidata.org/wiki/Q125353258,1872-01-01T00:00:00Z,1937-01-01T00:00:00Z,2008
Alfredo de Mendonça,Q111678979,https://www.wikidata.org/wiki/Q111678979,1867-08-18T00:00:00Z,1938-03-21T00:00:00Z,2009
Alfredo de Mesquita,Q9603240,https://www.wikidata.org/wiki/Q9603240,1871-07-16T00:00:00Z,1931-05-20T00:00:00Z,2002
Alfredo de Sá Cardoso,Q718841,https://www.wikidata.org/wiki/Q718841,1864-06-06T00:00:00Z,1950-04-24T00:00:00Z,2021
Alice Moderno,Q16488592,https://www.wikidata.org/wiki/Q16488592,1867-08-11T00:00:00Z,1946-02-20T00:00:00Z,2017
Alice Pestana,Q16911690,https://www.wikidata.org/wiki/Q16911690,1860-04-07T00:00:00Z,1929-12-24T00:00:00Z,2000
Alonso Gomes,Q118179432,https://www.wikidata.org/wiki/Q118179432,1819-01-17T00:00:00Z,1897-06-17T00:00:00Z,1968
Alves Coelho,Q60375117,https://www.wikidata.org/wiki/Q60375117,1882-01-27T00:00:00Z,1931-10-23T00:00:00Z,2002
Alves de Sousa,Q5637385,https://www.wikidata.org/wiki/Q5637385,1884-01-09T00:00:00Z,1922-03-05T00:00:00Z,1993
Amadeo de Souza-Cardoso,Q451771,https://www.wikidata.org/wiki/Q451771,1887-11-14T00:00:00Z,1918-10-25T00:00:00Z,1989
Amadeu de Almeida Monjardino,Q20045591,https://www.wikidata.org/wiki/Q20045591,1876-08-22T00:00:00Z,1954-08-24T00:00:00Z,2025
Amadeu de Castro e Sola,Q20045590,https://www.wikidata.org/wiki/Q20045590,1874-08-19T00:00:00Z,1948-12-14T00:00:00Z,2019
Amadeu de Freitas,Q136541641,https://www.wikidata.org/wiki/Q136541641,1904-01-01T00:00:00Z,1955-01-01T00:00:00Z,2026
Amadeu de Vasconcelos,Q110137081,https://www.wikidata.org/wiki/Q110137081,1879-01-01T00:00:00Z,1952-01-01T00:00:00Z,2023
Amarelhe,Q9611790,https://www.wikidata.org/wiki/Q9611790,1892-01-01T00:00:00Z,1946-01-01T00:00:00Z,2017
Amaro Justiniano de Azevedo Gomes,Q9609881,https://www.wikidata.org/wiki/Q9609881,1852-01-19T00:00:00Z,1928-12-03T00:00:00Z,1999
Amália Luazes,Q482141,https://www.wikidata.org/wiki/Q482141,1865-06-02T00:00:00Z,1938-12-24T00:00:00Z,2009
Amália de Proença Norte,Q131417597,https://www.wikidata.org/wiki/Q131417597,1910-01-01T00:00:00Z,1955-01-01T00:00:00Z,2026
Amélia Augusta de Azevedo,Q50382544,https://www.wikidata.org/wiki/Q50382544,1840-01-01T00:00:00Z,1913-01-01T00:00:00Z,1984
Amélia Barros,Q28532494,https://www.wikidata.org/wiki/Q28532494,1842-03-09T00:00:00Z,1929-01-09T00:00:00Z,2000
Amélia Cardia,Q12012518,https://www.wikidata.org/wiki/Q12012518,1855-11-01T00:00:00Z,1938-04-30T00:00:00Z,2009
Amélia Janny,Q9611567,https://www.wikidata.org/wiki/Q9611567,1838-01-01T00:00:00Z,1914-01-01T00:00:00Z,1985
Amélia Janny,Q9611567,https://www.wikidata.org/wiki/Q9611567,1842-01-01T00:00:00Z,1914-01-01T00:00:00Z,1985
Amélia Vieira,Q105716994,https://www.wikidata.org/wiki/Q105716994,1850-01-17T00:00:00Z,1928-01-09T00:00:00Z,1999
Amélia de Orleães,Q236965,https://www.wikidata.org/wiki/Q236965,1865-09-28T00:00:00Z,1951-10-25T00:00:00Z,2022
Américo Olavo,Q106148597,https://www.wikidata.org/wiki/Q106148597,1881-12-16T00:00:00Z,1927-02-08T00:00:00Z,1998
Amílcar Barcínio Pinto,Q130644020,https://www.wikidata.org/wiki/Q130644020,1869-06-20T00:00:00Z,1947-11-24T00:00:00Z,2018
Amílcar de Castro Abreu e Mota,Q130633708,https://www.wikidata.org/wiki/Q130633708,1864-12-01T00:00:00Z,1949-12-19T00:00:00Z,2020
Amílcar de Sousa,Q3288262,https://www.wikidata.org/wiki/Q3288262,1876-01-01T00:00:00Z,1940-01-01T00:00:00Z,2011
Ana Augusta de Castilho,Q61000741,https://www.wikidata.org/wiki/Q61000741,1860-01-01T00:00:00Z,1916-12-01T00:00:00Z,1987
Ana Maria Ribeiro de Sá,Q111081941,https://www.wikidata.org/wiki/Q111081941,1848-01-01T00:00:00Z,1938-01-01T00:00:00Z,2009
Ana Pereira,Q106020091,https://www.wikidata.org/wiki/Q106020091,1845-07-27T00:00:00Z,1921-11-24T00:00:00Z,1992
Ana de Castro Osório,Q2817249,https://www.wikidata.org/wiki/Q2817249,1872-06-18T00:00:00Z,1935-03-23T00:00:00Z,2006
Ana de Gonta Colaço,Q97173079,https://www.wikidata.org/wiki/Q97173079,1903-11-07T00:00:00Z,1954-12-25T00:00:00Z,2025
André Brun,Q7222261,https://www.wikidata.org/wiki/Q7222261,1881-05-09T00:00:00Z,1926-12-22T00:00:00Z,1997
André Monteiro da Cruz,Q139125694,https://www.wikidata.org/wiki/Q139125694,1770-01-01T00:00:00Z,1851-01-01T00:00:00Z,1922
André do Amaral,Q9614743,https://www.wikidata.org/wiki/Q9614743,1455-01-01T00:00:00Z,1522-11-15T00:00:00Z,1593
André Álvares de Almada,Q16490244,https://www.wikidata.org/wiki/Q16490244,1555-01-01T00:00:00Z,1650-01-01T00:00:00Z,1721
Andrés Botello,Q28778078,https://www.wikidata.org/wiki/Q28778078,1700-01-01T00:00:00Z,1672-01-01T00:00:00Z,1743
Angelina Vidal,Q48871693,https://www.wikidata.org/wiki/Q48871693,1847-01-01T00:00:00Z,1917-01-01T00:00:00Z,1988
Angelina Vidal,Q48871693,https://www.wikidata.org/wiki/Q48871693,1853-01-01T00:00:00Z,1917-01-01T00:00:00Z,1988
Angélica Viana Porto,Q108427294,https://www.wikidata.org/wiki/Q108427294,1881-11-10T00:00:00Z,1938-05-21T00:00:00Z,2009
Aniceto António dos Santos,Q16336642,https://www.wikidata.org/wiki/Q16336642,1843-04-05T00:00:00Z,1923-06-06T00:00:00Z,1994
Anselmo Silveira da Silva,Q16490850,https://www.wikidata.org/wiki/Q16490850,1833-01-01T00:00:00Z,1912-01-01T00:00:00Z,1983
Anselmo de Andrade,Q16490841,https://www.wikidata.org/wiki/Q16490841,1844-06-20T00:00:00Z,1928-01-01T00:00:00Z,1999
Antero Frederico de Seabra,Q21393316,https://www.wikidata.org/wiki/Q21393316,1874-08-20T00:00:00Z,1952-11-15T00:00:00Z,2023
Antero de Figueiredo,Q16490948,https://www.wikidata.org/wiki/Q16490948,1866-11-28T00:00:00Z,1953-04-10T00:00:00Z,2024
Antoine-Joseph Preira,Q66537085,https://www.wikidata.org/wiki/Q66537085,1782-08-27T00:00:00Z,1900-01-01T00:00:00Z,1971
Antonio Franco,Q104631043,https://www.wikidata.org/wiki/Q104631043,1662-01-01T00:00:00Z,1732-03-03T00:00:00Z,1803
Antonio José de Pinho,Q116855981,https://www.wikidata.org/wiki/Q116855981,1841-12-05T00:00:00Z,1915-04-27T00:00:00Z,1986
Antonio Maria Pinheiro,Q137674131,https://www.wikidata.org/wiki/Q137674131,1796-09-05T00:00:00Z,1872-04-22T00:00:00Z,1943
Antonio de Jesús,Q19997919,https://www.wikidata.org/wiki/Q19997919,1601-01-01T00:00:00Z,1682-04-15T00:00:00Z,1753
Antoniotto Usodimare,Q606364,https://www.wikidata.org/wiki/Q606364,1416-01-01T00:00:00Z,1461-01-01T00:00:00Z,1532
Antão de Carvalho,Q9618483,https://www.wikidata.org/wiki/Q9618483,1871-05-27T00:00:00Z,1948-08-13T00:00:00Z,2019
Antónia de Bragança,Q255704,https://www.wikidata.org/wiki/Q255704,1845-02-17T00:00:00Z,1913-12-27T00:00:00Z,1984
António Aboim Inglês,Q16491052,https://www.wikidata.org/wiki/Q16491052,1860-06-30T00:00:00Z,1941-10-18T00:00:00Z,2012
António Afonso de Carvalho,Q9618565,https://www.wikidata.org/wiki/Q9618565,1880-09-09T00:00:00Z,1949-11-30T00:00:00Z,2020
António Aires de Gouveia,Q60467443,https://www.wikidata.org/wiki/Q60467443,1828-09-13T00:00:00Z,1916-12-17T00:00:00Z,1987
António Alberto Marinho Duarte de Sousa,Q106507215,https://www.wikidata.org/wiki/Q106507215,1896-01-01T00:00:00Z,1950-01-01T00:00:00Z,2021
António Alberto Nunes,Q86076301,https://www.wikidata.org/wiki/Q86076301,1838-01-01T00:00:00Z,1912-11-15T00:00:00Z,1983
António Alberto Torres Garcia,Q9618567,https://www.wikidata.org/wiki/Q9618567,1889-09-30T00:00:00Z,1937-09-09T00:00:00Z,2008
António Aleixo,Q610608,https://www.wikidata.org/wiki/Q610608,1899-02-18T00:00:00Z,1949-11-16T00:00:00Z,2020
António Alfredo Barjona de Freitas,Q9618575,https://www.wikidata.org/wiki/Q9618575,1847-06-11T00:00:00Z,1923-05-08T00:00:00Z,1994
António Alves Martins,Q16491103,https://www.wikidata.org/wiki/Q16491103,1894-10-01T00:00:00Z,1929-02-22T00:00:00Z,2000
António Alves de Oliveira,Q9618602,https://www.wikidata.org/wiki/Q9618602,1863-09-21T00:00:00Z,1946-01-06T00:00:00Z,2017
António Aresta Branco,Q123466329,https://www.wikidata.org/wiki/Q123466329,1862-03-25T00:00:00Z,1952-10-14T00:00:00Z,2023
António Argel de Melo,Q106506769,https://www.wikidata.org/wiki/Q106506769,1896-01-01T00:00:00Z,1950-01-01T00:00:00Z,2021
António Augusto Alves Teixeira,Q98071617,https://www.wikidata.org/wiki/Q98071617,1877-01-01T00:00:00Z,1918-01-01T00:00:00Z,1989
António Augusto Correia de Aguiar,Q115054867,https://www.wikidata.org/wiki/Q115054867,1880-01-01T00:00:00Z,1952-01-01T00:00:00Z,2023
António Augusto Dias Antunes,Q111993578,https://www.wikidata.org/wiki/Q111993578,1876-10-27T00:00:00Z,1940-01-22T00:00:00Z,2011
António Augusto Namorado de Aguiar,Q23778015,https://www.wikidata.org/wiki/Q23778015,1882-05-07T00:00:00Z,1945-05-28T00:00:00Z,2016
António Augusto Pereira de Miranda,Q16491159,https://www.wikidata.org/wiki/Q16491159,1838-01-01T00:00:00Z,1922-01-01T00:00:00Z,1993
António Augusto Pires de Lima,Q123478076,https://www.wikidata.org/wiki/Q123478076,1880-01-01T00:00:00Z,1953-01-01T00:00:00Z,2024
António Augusto de Castro Meireles,Q9618669,https://www.wikidata.org/wiki/Q9618669,1885-08-15T00:00:00Z,1942-03-29T00:00:00Z,2013
António Augusto de Chaby Pinheiro,Q1058305,https://www.wikidata.org/wiki/Q1058305,1873-01-12T00:00:00Z,1933-12-06T00:00:00Z,2004
António Baldaque da Silva,Q16491177,https://www.wikidata.org/wiki/Q16491177,1852-12-28T00:00:00Z,1915-08-21T00:00:00Z,1986
António Bandeira Cabrita,Q59572159,https://www.wikidata.org/wiki/Q59572159,1910-01-01T00:00:00Z,1936-09-03T00:00:00Z,2007
António Baptista,Q114853178,https://www.wikidata.org/wiki/Q114853178,1865-12-16T00:00:00Z,1927-07-22T00:00:00Z,1998
António Barbosa Leão,Q16491196,https://www.wikidata.org/wiki/Q16491196,1860-10-17T00:00:00Z,1929-06-21T00:00:00Z,2000
António Barreiros,Q131478909,https://www.wikidata.org/wiki/Q131478909,1875-01-01T00:00:00Z,1954-10-07T00:00:00Z,2025
António Barroso Pereira Vitorino,Q26973683,https://www.wikidata.org/wiki/Q26973683,1878-03-13T00:00:00Z,1951-12-13T00:00:00Z,2022
António Belo de Almeida Júnior,Q9618714,https://www.wikidata.org/wiki/Q9618714,1851-05-11T00:00:00Z,1914-09-08T00:00:00Z,1985
António Birne Pereira,Q9618728,https://www.wikidata.org/wiki/Q9618728,1872-01-01T00:00:00Z,1945-05-31T00:00:00Z,2016
António Borges Coutinho de Medeiros de Sousa Dias da Câmara,Q9618745,https://www.wikidata.org/wiki/Q9618745,1871-01-19T00:00:00Z,1941-04-04T00:00:00Z,2012
António Borges de Medeiros Dias da Câmara e Sousa,Q9618761,https://www.wikidata.org/wiki/Q9618761,1829-01-23T00:00:00Z,1913-05-01T00:00:00Z,1984
António Cabreira,Q16491266,https://www.wikidata.org/wiki/Q16491266,1868-10-30T00:00:00Z,1953-11-21T00:00:00Z,2024
António Cardoso Pereira Ferraz,Q133015737,https://www.wikidata.org/wiki/Q133015737,1808-10-07T00:00:00Z,1883-09-01T00:00:00Z,1954
António Cardoso da Silva,Q16491304,https://www.wikidata.org/wiki/Q16491304,1846-08-05T00:00:00Z,1922-04-01T00:00:00Z,1993
António Carlos Coelho de Vasconcelos Porto,Q130368246,https://www.wikidata.org/wiki/Q130368246,1855-08-26T00:00:00Z,1924-09-17T00:00:00Z,1995
António Carneiro,Q3847713,https://www.wikidata.org/wiki/Q3847713,1872-09-16T00:00:00Z,1930-03-31T00:00:00Z,2001
António Claro,Q130368669,https://www.wikidata.org/wiki/Q130368669,1863-01-01T00:00:00Z,1931-09-11T00:00:00Z,2002
António Correa Braga,Q28791994,https://www.wikidata.org/wiki/Q28791994,1600-01-01T00:00:00Z,1650-01-01T00:00:00Z,1721
António Costa Lobo,Q16491407,https://www.wikidata.org/wiki/Q16491407,1840-01-01T00:00:00Z,1913-01-01T00:00:00Z,1984
António Couto de Abreu,Q9618946,https://www.wikidata.org/wiki/Q9618946,1874-03-08T00:00:00Z,1946-07-04T00:00:00Z,2017
António Crisógono dos Santos,Q9618954,https://www.wikidata.org/wiki/Q9618954,1862-11-24T00:00:00Z,1934-04-29T00:00:00Z,2005
António Cálem,Q610783,https://www.wikidata.org/wiki/Q610783,1860-11-07T00:00:00Z,1932-08-16T00:00:00Z,2003
António Cândido Ribeiro da Costa,Q9618967,https://www.wikidata.org/wiki/Q9618967,1850-03-29T00:00:00Z,1922-11-09T00:00:00Z,1993
António Cândido da Cunha,Q33141431,https://www.wikidata.org/wiki/Q33141431,1866-01-01T00:00:00Z,1926-10-16T00:00:00Z,1997
António Cândido de Portugal de Faria,Q9618975,https://www.wikidata.org/wiki/Q9618975,1868-03-24T00:00:00Z,1937-12-18T00:00:00Z,2008
António Damas Mora,Q16491431,https://www.wikidata.org/wiki/Q16491431,1879-05-02T00:00:00Z,1949-06-05T00:00:00Z,2020
António Dias Garcia,Q16491485,https://www.wikidata.org/wiki/Q16491485,1859-04-02T00:00:00Z,1940-10-29T00:00:00Z,2011
António Dias Simões,Q119495431,https://www.wikidata.org/wiki/Q119495431,1870-09-29T00:00:00Z,1922-12-22T00:00:00Z,1993
António Dias de Deus,Q136543161,https://www.wikidata.org/wiki/Q136543161,1901-01-01T00:00:00Z,1955-04-24T00:00:00Z,2026
António Duarte Ramada Curto,Q9619003,https://www.wikidata.org/wiki/Q9619003,1849-01-01T00:00:00Z,1921-01-01T00:00:00Z,1992
António Eduardo Vilaça,Q25419502,https://www.wikidata.org/wiki/Q25419502,1852-12-14T00:00:00Z,1914-01-28T00:00:00Z,1985
António Egas Moniz,Q273219,https://www.wikidata.org/wiki/Q273219,1874-11-29T00:00:00Z,1955-12-13T00:00:00Z,2026
António Emílio Severino de Avelar,Q9619037,https://www.wikidata.org/wiki/Q9619037,1843-01-29T00:00:00Z,1915-01-30T00:00:00Z,1986
António Feijó,Q610837,https://www.wikidata.org/wiki/Q610837,1859-06-01T00:00:00Z,1917-06-20T00:00:00Z,1988
António Ferreira,Q18225620,https://www.wikidata.org/wiki/Q18225620,1886-01-01T00:00:00Z,1941-01-01T00:00:00Z,2012
António Ferreira Pinto,Q106465221,https://www.wikidata.org/wiki/Q106465221,1871-01-01T00:00:00Z,1949-01-01T00:00:00Z,2020
António Ferreira Soares,Q131455669,https://www.wikidata.org/wiki/Q131455669,1903-01-01T00:00:00Z,1942-07-04T00:00:00Z,2013
António Ferreira de Serpa,Q9619089,https://www.wikidata.org/wiki/Q9619089,1865-06-13T00:00:00Z,1939-07-24T00:00:00Z,2010
António Fortunato de Pinho,Q18481863,https://www.wikidata.org/wiki/Q18481863,1874-01-01T00:00:00Z,1954-01-01T00:00:00Z,2025
António Fragoso,Q4351745,https://www.wikidata.org/wiki/Q4351745,1897-06-17T00:00:00Z,1918-10-13T00:00:00Z,1989
António Francisco Colaço,Q123484503,https://www.wikidata.org/wiki/Q123484503,1866-03-06T00:00:00Z,1934-12-21T00:00:00Z,2005
António Francisco da Costa,Q507909,https://www.wikidata.org/wiki/Q507909,1900-01-01T00:00:00Z,1924-02-28T00:00:00Z,1995
António G. Videira,Q136546524,https://www.wikidata.org/wiki/Q136546524,1889-01-01T00:00:00Z,1955-01-01T00:00:00Z,2026
António Garcia Ribeiro de Vasconcelos,Q23777990,https://www.wikidata.org/wiki/Q23777990,1860-06-01T00:00:00Z,1941-09-02T00:00:00Z,2012
António Gastão de Orléans e Bragança,Q2701468,https://www.wikidata.org/wiki/Q2701468,1881-08-09T00:00:00Z,1918-11-29T00:00:00Z,1989
António Ginestal Machado,Q357489,https://www.wikidata.org/wiki/Q357489,1874-05-03T00:00:00Z,1940-06-28T00:00:00Z,2011
António Gomes Leal,Q610944,https://www.wikidata.org/wiki/Q610944,1848-06-06T00:00:00Z,1921-01-29T00:00:00Z,1992
António Gonçalves Curado,Q2857738,https://www.wikidata.org/wiki/Q2857738,1894-09-29T00:00:00Z,1917-04-04T00:00:00Z,1988
António Granjo,Q610969,https://www.wikidata.org/wiki/Q610969,1881-12-27T00:00:00Z,1921-10-19T00:00:00Z,1992
António Homem de Melo de Macedo,Q16491705,https://www.wikidata.org/wiki/Q16491705,1868-03-13T00:00:00Z,1947-03-23T00:00:00Z,2018
António Inocêncio Moreira de Carvalho,Q9619249,https://www.wikidata.org/wiki/Q9619249,1894-01-06T00:00:00Z,1942-09-12T00:00:00Z,2013
António Inácio da Cruz,Q9619245,https://www.wikidata.org/wiki/Q9619245,1876-01-01T00:00:00Z,1955-04-03T00:00:00Z,2026
António Isidoro de Sousa,Q85868870,https://www.wikidata.org/wiki/Q85868870,1843-04-04T00:00:00Z,1914-12-19T00:00:00Z,1985
António Jerónimo Metello,Q131418858,https://www.wikidata.org/wiki/Q131418858,1896-09-13T00:00:00Z,1946-11-18T00:00:00Z,2017
António Joaquim Ferreira da Fonseca,Q16491737,https://www.wikidata.org/wiki/Q16491737,1887-01-01T00:00:00Z,1937-06-22T00:00:00Z,2008
António Joaquim Ferreira da Silva,Q9619277,https://www.wikidata.org/wiki/Q9619277,1853-07-28T00:00:00Z,1923-08-23T00:00:00Z,1994
"António Joaquim Vieira de Magalhães, 1º Conde de Ariz",Q137332952,https://www.wikidata.org/wiki/Q137332952,1852-10-16T00:00:00Z,1929-11-01T00:00:00Z,2000
António Joaquim de Sá Oliveira,Q131421182,https://www.wikidata.org/wiki/Q131421182,1872-01-01T00:00:00Z,1954-01-01T00:00:00Z,2025
António José Arroio,Q9619320,https://www.wikidata.org/wiki/Q9619320,1856-02-19T00:00:00Z,1934-03-25T00:00:00Z,2005
António José Coelho Lousada,Q111081936,https://www.wikidata.org/wiki/Q111081936,1828-01-01T00:00:00Z,1859-01-01T00:00:00Z,1930
António José Dias da Silva,Q125037337,https://www.wikidata.org/wiki/Q125037337,1848-01-01T00:00:00Z,1912-08-28T00:00:00Z,1983
António José Gomes,Q131830009,https://www.wikidata.org/wiki/Q131830009,1847-07-06T00:00:00Z,1909-01-01T00:00:00Z,1980
António José Leite Guimarães,Q16491819,https://www.wikidata.org/wiki/Q16491819,1806-08-21T00:00:00Z,1876-10-29T00:00:00Z,1947
António José Maria Campelo,Q131317798,https://www.wikidata.org/wiki/Q131317798,1780-10-19T00:00:00Z,1851-02-18T00:00:00Z,1922
António José Nunes da Glória,Q85868879,https://www.wikidata.org/wiki/Q85868879,1842-03-08T00:00:00Z,1919-03-03T00:00:00Z,1990
António José Teixeira de Abreu,Q18707731,https://www.wikidata.org/wiki/Q18707731,1865-12-08T00:00:00Z,1930-12-08T00:00:00Z,2001
António José da Costa,Q27503789,https://www.wikidata.org/wiki/Q27503789,1840-02-08T00:00:00Z,1929-08-13T00:00:00Z,2000
António José da Costa Couto Sá de Albergaria,Q9619400,https://www.wikidata.org/wiki/Q9619400,1850-01-01T00:00:00Z,1921-01-01T00:00:00Z,1992
António José da Silva Leão,Q131290805,https://www.wikidata.org/wiki/Q131290805,1793-02-17T00:00:00Z,1850-06-22T00:00:00Z,1921
António José da Silva Pinto,Q9619416,https://www.wikidata.org/wiki/Q9619416,1848-04-14T00:00:00Z,1911-11-04T00:00:00Z,1982
António José de Almeida,Q551542,https://www.wikidata.org/wiki/Q551542,1866-07-17T00:00:00Z,1929-10-31T00:00:00Z,2000
António José de Almeida,Q551542,https://www.wikidata.org/wiki/Q551542,1866-07-27T00:00:00Z,1929-10-31T00:00:00Z,2000
António José de Melo Breyner Teles da Silva,Q131703922,https://www.wikidata.org/wiki/Q131703922,1806-08-23T00:00:00Z,1893-04-27T00:00:00Z,1964
António José de Melo Silva César e Meneses,Q16491828,https://www.wikidata.org/wiki/Q16491828,1794-11-17T00:00:00Z,1863-09-14T00:00:00Z,1934
António José de Sousa Barroso,Q9619450,https://www.wikidata.org/wiki/Q9619450,1854-11-05T00:00:00Z,1918-08-31T00:00:00Z,1989
António José de Ávila,Q56346890,https://www.wikidata.org/wiki/Q56346890,1853-01-01T00:00:00Z,1923-12-07T00:00:00Z,1994
António José de Ávila Júnior,Q16059321,https://www.wikidata.org/wiki/Q16059321,1842-11-07T00:00:00Z,1917-03-18T00:00:00Z,1988
António João Gonçalves Lobato,Q50031328,https://www.wikidata.org/wiki/Q50031328,1909-01-01T00:00:00Z,1935-06-06T00:00:00Z,2006
António Júlio da Costa Pereira de Eça,Q2690505,https://www.wikidata.org/wiki/Q2690505,1852-03-31T00:00:00Z,1917-11-06T00:00:00Z,1988
António Leal,Q9619487,https://www.wikidata.org/wiki/Q9619487,1877-05-01T00:00:00Z,1946-05-04T00:00:00Z,2017
António Leitão,Q106465262,https://www.wikidata.org/wiki/Q106465262,1880-01-01T00:00:00Z,1949-01-01T00:00:00Z,2020
António Leote Tavares,Q126890034,https://www.wikidata.org/wiki/Q126890034,1863-10-21T00:00:00Z,1932-12-29T00:00:00Z,2003
António Lobo de Almada Negreiros,Q4777576,https://www.wikidata.org/wiki/Q4777576,1868-08-13T00:00:00Z,1939-06-12T00:00:00Z,2010
António Lopes Mateus,Q16491905,https://www.wikidata.org/wiki/Q16491905,1878-01-01T00:00:00Z,1955-01-01T00:00:00Z,2026
António Lopes de Aboim Inglês,Q137426016,https://www.wikidata.org/wiki/Q137426016,1910-01-01T00:00:00Z,1955-01-01T00:00:00Z,2026
António Luís Serrão de Carvalho,Q9619577,https://www.wikidata.org/wiki/Q9619577,1864-04-12T00:00:00Z,1946-11-10T00:00:00Z,2017
António Luís de Freitas,Q9619586,https://www.wikidata.org/wiki/Q9619586,1855-01-10T00:00:00Z,1926-04-05T00:00:00Z,1997
António Luís de Távora,Q16491934,https://www.wikidata.org/wiki/Q16491934,1689-01-30T00:00:00Z,1737-08-29T00:00:00Z,1808
António Machado dos Santos,Q9619621,https://www.wikidata.org/wiki/Q9619621,1875-01-10T00:00:00Z,1921-10-19T00:00:00Z,1992
António Macieira,Q47318515,https://www.wikidata.org/wiki/Q47318515,1875-01-05T00:00:00Z,1918-12-29T00:00:00Z,1989
António Manuel Lopes Vieira de Castro,Q9619653,https://www.wikidata.org/wiki/Q9619653,1796-07-15T00:00:00Z,1842-09-20T00:00:00Z,1913
António Manuel de Melo e Castro de Mendonça,Q9619681,https://www.wikidata.org/wiki/Q9619681,1740-01-01T00:00:00Z,1795-01-01T00:00:00Z,1866
António Marciano de Azevedo Hipólito,Q131369335,https://www.wikidata.org/wiki/Q131369335,1782-01-01T00:00:00Z,1839-01-01T00:00:00Z,1910
António Marciano de Azevedo Júnior,Q131375725,https://www.wikidata.org/wiki/Q131375725,1815-01-01T00:00:00Z,1868-01-01T00:00:00Z,1939
António Maria Baptista,Q343470,https://www.wikidata.org/wiki/Q343470,1863-04-03T00:00:00Z,1920-06-06T00:00:00Z,1991
António Maria Eusébio,Q16492022,https://www.wikidata.org/wiki/Q16492022,1819-12-15T00:00:00Z,1911-11-22T00:00:00Z,1982
António Maria Holtreman do Rego Botelho de Faria,Q21290123,https://www.wikidata.org/wiki/Q21290123,1854-08-28T00:00:00Z,1929-10-22T00:00:00Z,2000
António Maria Lisboa,Q9619728,https://www.wikidata.org/wiki/Q9619728,1928-08-01T00:00:00Z,1953-09-11T00:00:00Z,2024
António Maria Pereira Carrilho,Q17318086,https://www.wikidata.org/wiki/Q17318086,1835-09-10T00:00:00Z,1903-11-16T00:00:00Z,1974
António Maria Teixeira Guerra,Q26973658,https://www.wikidata.org/wiki/Q26973658,1872-02-16T00:00:00Z,1927-01-01T00:00:00Z,1998
António Maria Vasco de Melo Silva César e Meneses,Q9619744,https://www.wikidata.org/wiki/Q9619744,1851-11-13T00:00:00Z,1923-05-21T00:00:00Z,1994
António Maria Vilhena de Vasconcelos e Meneses,Q16492032,https://www.wikidata.org/wiki/Q16492032,1839-04-28T00:00:00Z,1927-07-06T00:00:00Z,1998
António Maria da Luz de Carvalho Daun e Lorena,Q97180668,https://www.wikidata.org/wiki/Q97180668,1822-07-11T00:00:00Z,1905-03-25T00:00:00Z,1976
António Maria da Silva,Q611175,https://www.wikidata.org/wiki/Q611175,1872-05-26T00:00:00Z,1950-10-14T00:00:00Z,2021
António Maria da Silva Barreto,Q20045607,https://www.wikidata.org/wiki/Q20045607,1865-04-14T00:00:00Z,1943-06-18T00:00:00Z,2014
António Maria de Bettencourt Rodrigues,Q9619756,https://www.wikidata.org/wiki/Q9619756,1854-03-05T00:00:00Z,1933-01-01T00:00:00Z,2004
António Maria de Campos Júnior,Q20045606,https://www.wikidata.org/wiki/Q20045606,1850-01-01T00:00:00Z,1917-01-01T00:00:00Z,1988
António Maria de Campos Júnior,Q20045606,https://www.wikidata.org/wiki/Q20045606,1850-01-01T00:00:00Z,1917-09-08T00:00:00Z,1988
António Maria de Campos Júnior,Q20045606,https://www.wikidata.org/wiki/Q20045606,1850-05-13T00:00:00Z,1917-01-01T00:00:00Z,1988
António Maria de Campos Júnior,Q20045606,https://www.wikidata.org/wiki/Q20045606,1850-05-13T00:00:00Z,1917-09-08T00:00:00Z,1988
António Maria de Freitas,Q55838517,https://www.wikidata.org/wiki/Q55838517,1859-01-01T00:00:00Z,1923-01-01T00:00:00Z,1994
António Maria de Freitas Soares,Q130623580,https://www.wikidata.org/wiki/Q130623580,1877-02-25T00:00:00Z,1953-11-10T00:00:00Z,2024
António Maria do Amaral Pyrrait,Q137399414,https://www.wikidata.org/wiki/Q137399414,1909-01-01T00:00:00Z,1955-01-01T00:00:00Z,2026
António Mariano da Silva Sarmento,Q16492041,https://www.wikidata.org/wiki/Q16492041,1839-01-01T00:00:00Z,1908-09-08T00:00:00Z,1979
António Mariano de Sousa,Q16492042,https://www.wikidata.org/wiki/Q16492042,1842-05-18T00:00:00Z,1912-05-22T00:00:00Z,1983
António Marques Lésbio,Q11852304,https://www.wikidata.org/wiki/Q11852304,1639-01-01T00:00:00Z,1709-11-21T00:00:00Z,1780
António Martins,Q18715803,https://www.wikidata.org/wiki/Q18715803,1892-04-04T00:00:00Z,1930-10-03T00:00:00Z,2001
António Mendes Bello,Q611205,https://www.wikidata.org/wiki/Q611205,1842-06-18T00:00:00Z,1929-08-05T00:00:00Z,2000
António Mendes Moreira,Q85868899,https://www.wikidata.org/wiki/Q85868899,1863-03-21T00:00:00Z,1915-06-28T00:00:00Z,1986
António Mendo Caldeira de Castel-Branco Cota Falcão,Q16492080,https://www.wikidata.org/wiki/Q16492080,1848-10-09T00:00:00Z,1927-11-23T00:00:00Z,1998
António Mesquita de Figueiredo,Q131415008,https://www.wikidata.org/wiki/Q131415008,1880-01-01T00:00:00Z,1954-01-01T00:00:00Z,2025
António Miguel da Silveira Moniz,Q9619830,https://www.wikidata.org/wiki/Q9619830,1857-02-04T00:00:00Z,1932-02-27T00:00:00Z,2003
António Mimoso Brandão de Melo,Q9619841,https://www.wikidata.org/wiki/Q9619841,1879-07-06T00:00:00Z,1950-02-12T00:00:00Z,2021
António Mimoso Guerra,Q9619838,https://www.wikidata.org/wiki/Q9619838,1867-09-08T00:00:00Z,1950-01-11T00:00:00Z,2021
António Moutinho,Q64734693,https://www.wikidata.org/wiki/Q64734693,1862-12-17T00:00:00Z,1915-05-18T00:00:00Z,1986
António Mário de Figueiredo Campos,Q47503296,https://www.wikidata.org/wiki/Q47503296,1876-01-01T00:00:00Z,1942-01-01T00:00:00Z,2013
António Nicolau d'Almeida,Q16492119,https://www.wikidata.org/wiki/Q16492119,1873-10-19T00:00:00Z,1948-02-21T00:00:00Z,2019
António Novais,Q103958858,https://www.wikidata.org/wiki/Q103958858,1854-01-01T00:00:00Z,1940-01-01T00:00:00Z,2011
António Nunes,Q110027043,https://www.wikidata.org/wiki/Q110027043,1917-12-09T00:00:00Z,1951-05-14T00:00:00Z,2022
António Oliveira Pinto S.J.,Q16492143,https://www.wikidata.org/wiki/Q16492143,1868-01-30T00:00:00Z,1933-03-17T00:00:00Z,2004
"António Osório Sarmento de Figueiredo, Jr.",Q4777591,https://www.wikidata.org/wiki/Q4777591,1855-03-13T00:00:00Z,1935-05-19T00:00:00Z,2006
António Patrício,Q611254,https://www.wikidata.org/wiki/Q611254,1878-03-07T00:00:00Z,1930-06-04T00:00:00Z,2001
António Patrício da Terra Pinheiro,Q16492172,https://www.wikidata.org/wiki/Q16492172,1837-01-01T00:00:00Z,1912-06-03T00:00:00Z,1983
António Pedro Muralha,Q116295591,https://www.wikidata.org/wiki/Q116295591,1878-05-28T00:00:00Z,1946-03-03T00:00:00Z,2017
António Pereira Cardoso Mendes de Campos,Q9619939,https://www.wikidata.org/wiki/Q9619939,1846-01-01T00:00:00Z,1919-01-01T00:00:00Z,1990
António Pereira Inácio,Q16492207,https://www.wikidata.org/wiki/Q16492207,1875-03-29T00:00:00Z,1951-02-14T00:00:00Z,2022
António Pereira da Costa,Q119892895,https://www.wikidata.org/wiki/Q119892895,1697-01-01T00:00:00Z,1770-01-01T00:00:00Z,1841
António Pereira de Figueiredo,Q16492205,https://www.wikidata.org/wiki/Q16492205,1725-02-14T00:00:00Z,1797-01-01T00:00:00Z,1868
António Pereira de Figueiredo,Q16492205,https://www.wikidata.org/wiki/Q16492205,1725-02-14T00:00:00Z,1797-08-14T00:00:00Z,1868
António Pereira de Paiva e Pona,Q125928814,https://www.wikidata.org/wiki/Q125928814,1849-01-26T00:00:00Z,1899-09-02T00:00:00Z,1970
António Pinheiro,Q9619981,https://www.wikidata.org/wiki/Q9619981,1867-12-21T00:00:00Z,1943-03-02T00:00:00Z,2014
António Pinto de Mesquita,Q106464758,https://www.wikidata.org/wiki/Q106464758,1860-01-01T00:00:00Z,1950-01-01T00:00:00Z,2021
António Pires de Carvalho,Q130147955,https://www.wikidata.org/wiki/Q130147955,1864-03-30T00:00:00Z,1947-09-02T00:00:00Z,2018
António Plácido da Costa,Q16492265,https://www.wikidata.org/wiki/Q16492265,1848-09-01T00:00:00Z,1916-01-01T00:00:00Z,1987
António Plácido de Abreu,Q115238655,https://www.wikidata.org/wiki/Q115238655,1930-01-01T00:00:00Z,1952-01-01T00:00:00Z,2023
António Pusich,Q65170139,https://www.wikidata.org/wiki/Q65170139,1760-12-15T00:00:00Z,1838-02-06T00:00:00Z,1909
António Rafael Ferreira,Q115238998,https://www.wikidata.org/wiki/Q115238998,1855-01-01T00:00:00Z,1952-01-01T00:00:00Z,2023
António Ribeiro Ferreira,Q123614542,https://www.wikidata.org/wiki/Q123614542,1905-09-17T00:00:00Z,1953-02-13T00:00:00Z,2024
António Rodovalho Duro,Q30005768,https://www.wikidata.org/wiki/Q30005768,1855-09-29T00:00:00Z,1918-12-19T00:00:00Z,1989
António Rodrigues Alves de Faria,Q16492329,https://www.wikidata.org/wiki/Q16492329,1871-04-06T00:00:00Z,1949-08-10T00:00:00Z,2020
António Rodrigues Montês Junior,Q48884186,https://www.wikidata.org/wiki/Q48884186,1864-01-01T00:00:00Z,1934-01-01T00:00:00Z,2005
António Rodrigues Viana,Q110027137,https://www.wikidata.org/wiki/Q110027137,1868-01-01T00:00:00Z,1951-01-01T00:00:00Z,2022
António Rodrigues da Costa Silveira,Q16492336,https://www.wikidata.org/wiki/Q16492336,1871-08-19T00:00:00Z,1934-07-30T00:00:00Z,2005
António Rogério Gromicho Couceiro,Q131300509,https://www.wikidata.org/wiki/Q131300509,1807-03-13T00:00:00Z,1862-07-22T00:00:00Z,1933
António Rolim de Moura Tavares,Q2857784,https://www.wikidata.org/wiki/Q2857784,1709-03-12T00:00:00Z,1782-12-08T00:00:00Z,1853
António Sales Lougares,Q115243397,https://www.wikidata.org/wiki/Q115243397,1902-01-01T00:00:00Z,1952-01-01T00:00:00Z,2023
António Sardinha,Q461148,https://www.wikidata.org/wiki/Q461148,1888-09-09T00:00:00Z,1925-01-10T00:00:00Z,1996
António Schiappa de Azevedo,Q63183199,https://www.wikidata.org/wiki/Q63183199,1870-01-01T00:00:00Z,1926-12-17T00:00:00Z,1997
António Silveira Pais,Q130486341,https://www.wikidata.org/wiki/Q130486341,1910-01-01T00:00:00Z,1954-01-01T00:00:00Z,2025
António Stromp,Q9158202,https://www.wikidata.org/wiki/Q9158202,1894-06-02T00:00:00Z,1921-07-06T00:00:00Z,1992
António Tavares Festas,Q13476321,https://www.wikidata.org/wiki/Q13476321,1860-07-09T00:00:00Z,1920-05-05T00:00:00Z,1991
António Tavares Torres,Q9620202,https://www.wikidata.org/wiki/Q9620202,1856-06-13T00:00:00Z,1936-09-28T00:00:00Z,2007
António Teixeira Lopes,Q4777620,https://www.wikidata.org/wiki/Q4777620,1866-10-27T00:00:00Z,1942-06-21T00:00:00Z,2013
António Teixeira de Sousa,Q561981,https://www.wikidata.org/wiki/Q561981,1857-05-05T00:00:00Z,1917-06-05T00:00:00Z,1988
António Teles da Silva,Q64751447,https://www.wikidata.org/wiki/Q64751447,1628-01-01T00:00:00Z,1682-02-14T00:00:00Z,1753
António Tomás Pires,Q21290095,https://www.wikidata.org/wiki/Q21290095,1850-03-07T00:00:00Z,1913-08-03T00:00:00Z,1984
António Tomás da Fonseca,Q125044177,https://www.wikidata.org/wiki/Q125044177,1822-01-01T00:00:00Z,1894-12-17T00:00:00Z,1965
António Tomás da Fonseca,Q125044177,https://www.wikidata.org/wiki/Q125044177,1823-01-01T00:00:00Z,1894-12-17T00:00:00Z,1965
António Tomás de Lima,Q16492504,https://www.wikidata.org/wiki/Q16492504,1887-01-01T00:00:00Z,1950-01-01T00:00:00Z,2021
António Tomás dos Santos,Q47318284,https://www.wikidata.org/wiki/Q47318284,1843-01-01T00:00:00Z,1916-01-01T00:00:00Z,1987
António Vasco Rebelo Valente,Q106464294,https://www.wikidata.org/wiki/Q106464294,1883-04-19T00:00:00Z,1950-10-24T00:00:00Z,2021
António Velez,Q123385445,https://www.wikidata.org/wiki/Q123385445,1547-01-01T00:00:00Z,1609-03-20T00:00:00Z,1680
António Veríssimo de Sousa,Q9620255,https://www.wikidata.org/wiki/Q9620255,1858-08-05T00:00:00Z,1933-10-11T00:00:00Z,2004
António Viana,Q105991686,https://www.wikidata.org/wiki/Q105991686,1858-03-15T00:00:00Z,1931-04-28T00:00:00Z,2002
António Vicente Ferreira,Q9620261,https://www.wikidata.org/wiki/Q9620261,1874-04-30T00:00:00Z,1953-01-29T00:00:00Z,2024
António Vicente de Queirós,Q131289601,https://www.wikidata.org/wiki/Q131289601,1792-08-05T00:00:00Z,1868-02-07T00:00:00Z,1939
António Vieira Barradas,Q130486397,https://www.wikidata.org/wiki/Q130486397,1887-01-01T00:00:00Z,1954-01-01T00:00:00Z,2025
António Vitorino da França Borges,Q19607832,https://www.wikidata.org/wiki/Q19607832,1871-01-10T00:00:00Z,1915-11-05T00:00:00Z,1986
António Xavier Correia Barreto,Q16492542,https://www.wikidata.org/wiki/Q16492542,1853-02-05T00:00:00Z,1939-08-15T00:00:00Z,2010
António Xavier Pereira Coutinho,Q11679890,https://www.wikidata.org/wiki/Q11679890,1851-06-11T00:00:00Z,1939-03-27T00:00:00Z,2010
António da Costa Carvalho,Q139681641,https://www.wikidata.org/wiki/Q139681641,1862-10-12T00:00:00Z,1893-12-21T00:00:00Z,1964
António da Costa Ferreira,Q116477591,https://www.wikidata.org/wiki/Q116477591,1887-03-14T00:00:00Z,1940-08-25T00:00:00Z,2011
António da Costa Leão,Q123478107,https://www.wikidata.org/wiki/Q123478107,1889-01-01T00:00:00Z,1953-01-01T00:00:00Z,2024
António da Costa Torres,Q131420873,https://www.wikidata.org/wiki/Q131420873,1896-01-01T00:00:00Z,1954-01-01T00:00:00Z,2025
António da Fonseca Carvão Paim da Câmara,Q9620304,https://www.wikidata.org/wiki/Q9620304,1864-01-01T00:00:00Z,1931-01-01T00:00:00Z,2002
António da Madalena,Q3352668,https://www.wikidata.org/wiki/Q3352668,1600-01-01T00:00:00Z,1589-01-01T00:00:00Z,1660
António da Silva Júnior,Q16492398,https://www.wikidata.org/wiki/Q16492398,1868-04-29T00:00:00Z,1937-10-09T00:00:00Z,2008
António de Abranches Ferrão,Q16491055,https://www.wikidata.org/wiki/Q16491055,1883-08-25T00:00:00Z,1932-04-23T00:00:00Z,2003
António de Abreu,Q9620381,https://www.wikidata.org/wiki/Q9620381,1750-01-01T00:00:00Z,1820-01-01T00:00:00Z,1891
António de Albuquerque,Q111081932,https://www.wikidata.org/wiki/Q111081932,1866-01-01T00:00:00Z,1923-01-01T00:00:00Z,1994
António de Amorim Pires Toste,Q9620408,https://www.wikidata.org/wiki/Q9620408,1866-03-19T00:00:00Z,1932-05-22T00:00:00Z,2003
António de Andrade,Q19668237,https://www.wikidata.org/wiki/Q19668237,1854-04-13T00:00:00Z,1942-12-18T00:00:00Z,2013
António de Araújo Vasques da Cunha Portocarrero,Q16491127,https://www.wikidata.org/wiki/Q16491127,1783-04-20T00:00:00Z,1855-05-10T00:00:00Z,1926
António de Ascensão Barbosa,Q136542614,https://www.wikidata.org/wiki/Q136542614,1900-01-01T00:00:00Z,1955-01-01T00:00:00Z,2026
António de Assis Teixeira de Magalhães,Q9620418,https://www.wikidata.org/wiki/Q9620418,1850-07-21T00:00:00Z,1914-01-01T00:00:00Z,1985
António de Azevedo Castelo Branco,Q21290090,https://www.wikidata.org/wiki/Q21290090,1842-12-23T00:00:00Z,1916-01-05T00:00:00Z,1987
António de Azevedo Maia,Q46152188,https://www.wikidata.org/wiki/Q46152188,1851-02-09T00:00:00Z,1912-05-02T00:00:00Z,1983
António de Cardiellos,Q123478143,https://www.wikidata.org/wiki/Q123478143,1875-01-01T00:00:00Z,1953-01-01T00:00:00Z,2024
António de Gouveia,Q4777632,https://www.wikidata.org/wiki/Q4777632,1505-01-01T00:00:00Z,1566-03-01T00:00:00Z,1637
António de Gouveia Osório,Q9620470,https://www.wikidata.org/wiki/Q9620470,1825-07-25T00:00:00Z,1915-04-04T00:00:00Z,1986
António de Lemos,Q104830862,https://www.wikidata.org/wiki/Q104830862,1864-01-01T00:00:00Z,1931-01-01T00:00:00Z,2002
António de Macedo Papança,Q16144048,https://www.wikidata.org/wiki/Q16144048,1852-07-18T00:00:00Z,1913-07-17T00:00:00Z,1984
António de Mendonça,Q16492083,https://www.wikidata.org/wiki/Q16492083,1600-01-01T00:00:00Z,1675-02-13T00:00:00Z,1746
António de Oliveira,Q25447507,https://www.wikidata.org/wiki/Q25447507,1847-05-20T00:00:00Z,1936-02-13T00:00:00Z,2007
António de Paiva Gomes,Q28028932,https://www.wikidata.org/wiki/Q28028932,1878-01-10T00:00:00Z,1939-11-19T00:00:00Z,2010
António de Paiva e Pona,Q105726172,https://www.wikidata.org/wiki/Q105726172,1665-10-10T00:00:00Z,1739-11-27T00:00:00Z,1810
António de Sena Faria de Vasconcelos,Q5435210,https://www.wikidata.org/wiki/Q5435210,1880-03-02T00:00:00Z,1939-08-11T00:00:00Z,2010
António de Sousa Bastos,Q9620574,https://www.wikidata.org/wiki/Q9620574,1844-05-13T00:00:00Z,1911-07-02T00:00:00Z,1982
António de Sousa Hilário,Q9620599,https://www.wikidata.org/wiki/Q9620599,1841-12-10T00:00:00Z,1918-02-16T00:00:00Z,1989
António de Sousa Júnior,Q16492453,https://www.wikidata.org/wiki/Q16492453,1871-12-15T00:00:00Z,1938-06-07T00:00:00Z,2009
"António de Sousa, 3.º Senhor de Gouveia",Q116180768,https://www.wikidata.org/wiki/Q116180768,1464-01-01T00:00:00Z,1515-01-01T00:00:00Z,1586
António do Carmo da Guerra Quaresma Viana,Q106465163,https://www.wikidata.org/wiki/Q106465163,1887-01-01T00:00:00Z,1949-01-01T00:00:00Z,2020
António do Espírito Santo,Q20045602,https://www.wikidata.org/wiki/Q20045602,1618-01-01T00:00:00Z,1674-01-12T00:00:00Z,1745
António do Lago Cerqueira,Q97170484,https://www.wikidata.org/wiki/Q97170484,1880-10-11T00:00:00Z,1945-10-28T00:00:00Z,2016
António do Nascimento da Costa e Silva,Q131290637,https://www.wikidata.org/wiki/Q131290637,1782-12-25T00:00:00Z,1856-06-08T00:00:00Z,1927
António do Prado Coelho,Q110137095,https://www.wikidata.org/wiki/Q110137095,1885-06-13T00:00:00Z,1952-10-18T00:00:00Z,2023
António dos Santos Lucas,Q9620673,https://www.wikidata.org/wiki/Q9620673,1866-01-01T00:00:00Z,1939-01-01T00:00:00Z,2010
António dos Santos Viegas,Q16492382,https://www.wikidata.org/wiki/Q16492382,1837-04-07T00:00:00Z,1914-06-10T00:00:00Z,1985
António dos Santos Viegas,Q106465180,https://www.wikidata.org/wiki/Q106465180,1870-01-01T00:00:00Z,1949-01-01T00:00:00Z,2020
António dos Santos Viegas,Q106465180,https://www.wikidata.org/wiki/Q106465180,1870-01-01T00:00:00Z,1949-03-01T00:00:00Z,2020
António dos Santos Viegas,Q106465180,https://www.wikidata.org/wiki/Q106465180,1870-05-05T00:00:00Z,1949-01-01T00:00:00Z,2020
António dos Santos Viegas,Q106465180,https://www.wikidata.org/wiki/Q106465180,1870-05-05T00:00:00Z,1949-03-01T00:00:00Z,2020
António Álvares Guedes Vaz,Q115013456,https://www.wikidata.org/wiki/Q115013456,1871-06-13T00:00:00Z,1952-01-01T00:00:00Z,2023
Antônio Bandeira Trajano,Q16491179,https://www.wikidata.org/wiki/Q16491179,1843-08-30T00:00:00Z,1921-12-23T00:00:00Z,1992
Antônio Ignácio Rodrigues Córdova,Q123524452,https://www.wikidata.org/wiki/Q123524452,1750-01-01T00:00:00Z,1791-04-24T00:00:00Z,1862
Antônio de Guadalupe,Q10293724,https://www.wikidata.org/wiki/Q10293724,1672-09-27T00:00:00Z,1740-08-31T00:00:00Z,1811
Antônio de Souza Lima,Q65167285,https://www.wikidata.org/wiki/Q65167285,1792-08-15T00:00:00Z,1846-05-17T00:00:00Z,1917
Aníbal Augusto Trigo,Q111732105,https://www.wikidata.org/wiki/Q111732105,1865-10-29T00:00:00Z,1944-02-13T00:00:00Z,2015
Aníbal César Valdez de Passos e Sousa,Q19607563,https://www.wikidata.org/wiki/Q19607563,1884-11-08T00:00:00Z,1954-01-01T00:00:00Z,2025
Aníbal Lúcio de Azevedo,Q113883906,https://www.wikidata.org/wiki/Q113883906,1876-11-13T00:00:00Z,1952-01-14T00:00:00Z,2023
Aníbal Rego de Vilas Boas Neto,Q131417632,https://www.wikidata.org/wiki/Q131417632,1890-01-01T00:00:00Z,1954-01-01T00:00:00Z,2025
Aníbal de Bettencourt,Q2653771,https://www.wikidata.org/wiki/Q2653771,1868-06-21T00:00:00Z,1930-01-09T00:00:00Z,2001
Aníbal de Castro,Q113867107,https://www.wikidata.org/wiki/Q113867107,1880-01-01T00:00:00Z,1952-01-01T00:00:00Z,2023
Aníbal de Mesquita Guimarães,Q21290153,https://www.wikidata.org/wiki/Q21290153,1882-11-05T00:00:00Z,1952-05-22T00:00:00Z,2023
Aníbal de Morais,Q48884436,https://www.wikidata.org/wiki/Q48884436,1856-01-01T00:00:00Z,1934-12-19T00:00:00Z,2005
Apeles Demóstenes da Rocha Espanca,Q135267986,https://www.wikidata.org/wiki/Q135267986,1897-03-10T00:00:00Z,1927-06-06T00:00:00Z,1998
Archer de Lima,Q59630017,https://www.wikidata.org/wiki/Q59630017,1882-01-01T00:00:00Z,1942-01-01T00:00:00Z,2013
Ardisson Ferreira,Q9627977,https://www.wikidata.org/wiki/Q9627977,1873-01-01T00:00:00Z,1932-01-01T00:00:00Z,2003
Aristides Moreira da Mota,Q16493588,https://www.wikidata.org/wiki/Q16493588,1855-07-12T00:00:00Z,1942-05-01T00:00:00Z,2013
Aristides de Sousa Mendes,Q117371,https://www.wikidata.org/wiki/Q117371,1885-07-19T00:00:00Z,1954-04-03T00:00:00Z,2025
Armandinho,Q4792720,https://www.wikidata.org/wiki/Q4792720,1891-10-11T00:00:00Z,1946-12-21T00:00:00Z,2017
Armando Basto,Q16493729,https://www.wikidata.org/wiki/Q16493729,1889-01-01T00:00:00Z,1923-01-01T00:00:00Z,1994
Armando Cirilo Soares,Q106464540,https://www.wikidata.org/wiki/Q106464540,1883-01-01T00:00:00Z,1950-01-01T00:00:00Z,2021
Armando Erse de Figueiredo,Q16493754,https://www.wikidata.org/wiki/Q16493754,1874-06-12T00:00:00Z,1950-02-06T00:00:00Z,2021
Armando Pinto Correia,Q21033573,https://www.wikidata.org/wiki/Q21033573,1897-09-03T00:00:00Z,1943-01-29T00:00:00Z,2014
Armando da Cunha Narciso,Q9629398,https://www.wikidata.org/wiki/Q9629398,1890-05-04T00:00:00Z,1948-01-04T00:00:00Z,2019
Armando da Gama Ochoa,Q4132948,https://www.wikidata.org/wiki/Q4132948,1877-07-28T00:00:00Z,1941-06-09T00:00:00Z,2012
Armando de Matos,Q9629434,https://www.wikidata.org/wiki/Q9629434,1899-04-14T00:00:00Z,1953-01-01T00:00:00Z,2024
Armando de Sacadura Falcão,Q23927005,https://www.wikidata.org/wiki/Q23927005,1874-05-19T00:00:00Z,1929-08-05T00:00:00Z,2000
Arminda Figueira Sousa,Q56351310,https://www.wikidata.org/wiki/Q56351310,1888-03-17T00:00:00Z,1931-05-17T00:00:00Z,2002
Armindo Rodrigues de Sttau Monteiro,Q335435,https://www.wikidata.org/wiki/Q335435,1896-12-16T00:00:00Z,1955-10-15T00:00:00Z,2026
Armindo de Freitas Ribeiro de Faria,Q107421341,https://www.wikidata.org/wiki/Q107421341,1866-03-06T00:00:00Z,1924-03-04T00:00:00Z,1995
Arnaldo Faria de Ataíde e Melo,Q105849029,https://www.wikidata.org/wiki/Q105849029,1886-01-01T00:00:00Z,1949-01-01T00:00:00Z,2020
Arnaldo Redondo Adães Bermudes,Q16493922,https://www.wikidata.org/wiki/Q16493922,1864-10-01T00:00:00Z,1948-02-18T00:00:00Z,2019
Arnaldo de Novais Guedes Rebelo,Q16336794,https://www.wikidata.org/wiki/Q16336794,1847-06-11T00:00:00Z,1917-01-01T00:00:00Z,1988
Arronches Junqueiro,Q16494088,https://www.wikidata.org/wiki/Q16494088,1868-01-13T00:00:00Z,1940-09-28T00:00:00Z,2011
Arthur Napoleão,Q265288,https://www.wikidata.org/wiki/Q265288,1843-03-06T00:00:00Z,1925-05-12T00:00:00Z,1996
Artur Alberto de Campos Henriques,Q320981,https://www.wikidata.org/wiki/Q320981,1853-04-28T00:00:00Z,1922-11-07T00:00:00Z,1993
Artur Alves Cardoso,Q101260845,https://www.wikidata.org/wiki/Q101260845,1882-05-17T00:00:00Z,1930-01-01T00:00:00Z,2001
Artur Anjos Teixeira,Q5548536,https://www.wikidata.org/wiki/Q5548536,1880-01-01T00:00:00Z,1935-01-01T00:00:00Z,2006
Artur Araújo,Q123614762,https://www.wikidata.org/wiki/Q123614762,1883-02-11T00:00:00Z,1953-10-14T00:00:00Z,2024
Artur Eugénio Lobo de Ávila,Q97168280,https://www.wikidata.org/wiki/Q97168280,1855-01-01T00:00:00Z,1945-02-09T00:00:00Z,2016
Artur Eugénio Lobo de Ávila,Q97168280,https://www.wikidata.org/wiki/Q97168280,1856-01-01T00:00:00Z,1945-02-09T00:00:00Z,2016
Artur Ivens Ferraz,Q714463,https://www.wikidata.org/wiki/Q714463,1870-12-01T00:00:00Z,1933-01-16T00:00:00Z,2004
Artur Loureiro,Q714598,https://www.wikidata.org/wiki/Q714598,1853-02-11T00:00:00Z,1932-07-07T00:00:00Z,2003
Artur Loureiro,Q714598,https://www.wikidata.org/wiki/Q714598,1853-02-11T00:00:00Z,1932-07-08T00:00:00Z,2003
Artur Marques de Carvalho,Q123614777,https://www.wikidata.org/wiki/Q123614777,1900-01-01T00:00:00Z,1953-01-01T00:00:00Z,2024
Artur Octávio do Rego Chagas,Q16494390,https://www.wikidata.org/wiki/Q16494390,1869-09-12T00:00:00Z,1944-05-25T00:00:00Z,2015
Artur Pinto,Q110027267,https://www.wikidata.org/wiki/Q110027267,1871-01-01T00:00:00Z,1951-01-01T00:00:00Z,2022
Artur Pinto de Miranda Montenegro,Q25982887,https://www.wikidata.org/wiki/Q25982887,1871-04-09T00:00:00Z,1941-09-24T00:00:00Z,2012
Artur Tamagnini de Sousa Barbosa,Q6810432,https://www.wikidata.org/wiki/Q6810432,1881-08-31T00:00:00Z,1940-07-10T00:00:00Z,2011
Artur Virgílio Alves dos Reis,Q448858,https://www.wikidata.org/wiki/Q448858,1896-09-08T00:00:00Z,1955-07-09T00:00:00Z,2026
Artur Viçoso May,Q16494372,https://www.wikidata.org/wiki/Q16494372,1869-09-14T00:00:00Z,1936-07-27T00:00:00Z,2007
Artur de Almeida Ribeiro,Q16501357,https://www.wikidata.org/wiki/Q16501357,1865-01-30T00:00:00Z,1943-05-07T00:00:00Z,2014
Artur de Oliveira Santos,Q254574,https://www.wikidata.org/wiki/Q254574,1884-01-22T00:00:00Z,1955-06-27T00:00:00Z,2026
Artur de Sacadura Freire Cabral,Q3121506,https://www.wikidata.org/wiki/Q3121506,1881-05-23T00:00:00Z,1924-11-15T00:00:00Z,1995
Artur do Canto Resende,Q15784152,https://www.wikidata.org/wiki/Q15784152,1897-08-07T00:00:00Z,1945-02-23T00:00:00Z,2016
Ascensão Machado,Q135927507,https://www.wikidata.org/wiki/Q135927507,1857-01-01T00:00:00Z,1926-01-01T00:00:00Z,1997
Ataíde Oliveira,Q16495018,https://www.wikidata.org/wiki/Q16495018,1842-01-01T00:00:00Z,1915-01-01T00:00:00Z,1986
Augusto Alexandre Barjona de Freitas,Q16336816,https://www.wikidata.org/wiki/Q16336816,1857-07-10T00:00:00Z,1912-01-19T00:00:00Z,1983
Augusto Alves da Veiga,Q3558535,https://www.wikidata.org/wiki/Q3558535,1849-01-01T00:00:00Z,1924-12-02T00:00:00Z,1995
Augusto Alves da Veiga,Q3558535,https://www.wikidata.org/wiki/Q3558535,1850-09-28T00:00:00Z,1924-12-02T00:00:00Z,1995
Augusto António da Matta e Silva,Q110721321,https://www.wikidata.org/wiki/Q110721321,1803-08-01T00:00:00Z,1889-12-07T00:00:00Z,1960
Augusto Barreto,Q117356534,https://www.wikidata.org/wiki/Q117356534,1864-01-01T00:00:00Z,1941-01-01T00:00:00Z,2012
Augusto Cunha,Q85869149,https://www.wikidata.org/wiki/Q85869149,1894-01-01T00:00:00Z,1947-01-01T00:00:00Z,2018
Augusto César Justino Teixeira,Q9637578,https://www.wikidata.org/wiki/Q9637578,1835-04-10T00:00:00Z,1923-02-02T00:00:00Z,1994
Augusto Dias da Silva,Q130372410,https://www.wikidata.org/wiki/Q130372410,1887-11-06T00:00:00Z,1928-04-07T00:00:00Z,1999
Augusto Eduardo Neuparth,Q16495204,https://www.wikidata.org/wiki/Q16495204,1859-01-01T00:00:00Z,1925-08-24T00:00:00Z,1996
Augusto Eduardo Nunes,Q9637622,https://www.wikidata.org/wiki/Q9637622,1849-05-31T00:00:00Z,1920-07-24T00:00:00Z,1991
Augusto Fernando Barreira de Campos,Q9637648,https://www.wikidata.org/wiki/Q9637648,1915-08-07T00:00:00Z,1955-05-24T00:00:00Z,2026
Augusto Ferreira Gomes,Q769364,https://www.wikidata.org/wiki/Q769364,1892-08-31T00:00:00Z,1953-01-01T00:00:00Z,2024
Augusto Ferreira Gomes,Q769364,https://www.wikidata.org/wiki/Q769364,1892-08-31T00:00:00Z,1953-02-01T00:00:00Z,2024
Augusto Filipe Simões,Q106528476,https://www.wikidata.org/wiki/Q106528476,1835-01-01T00:00:00Z,1884-01-01T00:00:00Z,1955
Augusto Filipe Simões,Q106528476,https://www.wikidata.org/wiki/Q106528476,1837-01-01T00:00:00Z,1884-01-01T00:00:00Z,1955
Augusto Frutuoso Figueiredo de Barros,Q110319681,https://www.wikidata.org/wiki/Q110319681,1851-04-16T00:00:00Z,1921-01-21T00:00:00Z,1992
Augusto Fuschini,Q16495214,https://www.wikidata.org/wiki/Q16495214,1843-01-01T00:00:00Z,1911-03-08T00:00:00Z,1982
Augusto Gil,Q1765955,https://www.wikidata.org/wiki/Q1765955,1873-07-31T00:00:00Z,1929-11-26T00:00:00Z,2000
Augusto Goltz de Carvalho,Q117264109,https://www.wikidata.org/wiki/Q117264109,1858-03-28T00:00:00Z,1913-06-29T00:00:00Z,1984
Augusto Goulart de Medeiros,Q9637690,https://www.wikidata.org/wiki/Q9637690,1878-02-01T00:00:00Z,1953-09-10T00:00:00Z,2024
Augusto Joaquim Alves dos Santos,Q18486323,https://www.wikidata.org/wiki/Q18486323,1866-01-01T00:00:00Z,1924-01-01T00:00:00Z,1995
Augusto José da Cunha,Q9637720,https://www.wikidata.org/wiki/Q9637720,1834-01-01T00:00:00Z,1919-01-01T00:00:00Z,1990
Augusto Machado,Q9637764,https://www.wikidata.org/wiki/Q9637764,1845-12-27T00:00:00Z,1924-03-26T00:00:00Z,1995
Augusto Manuel Farinha Beirão,Q16495242,https://www.wikidata.org/wiki/Q16495242,1869-07-22T00:00:00Z,1942-10-15T00:00:00Z,2013
Augusto Mira Leal,Q126597502,https://www.wikidata.org/wiki/Q126597502,1897-10-22T00:00:00Z,1955-10-24T00:00:00Z,2026
Augusto Moreno,Q9637823,https://www.wikidata.org/wiki/Q9637823,1870-11-10T00:00:00Z,1955-04-02T00:00:00Z,2026
Augusto Neuparth Vieira,Q24013830,https://www.wikidata.org/wiki/Q24013830,1888-12-31T00:00:00Z,1953-01-01T00:00:00Z,2024
Augusto Nobre,Q16495263,https://www.wikidata.org/wiki/Q16495263,1865-01-01T00:00:00Z,1946-09-13T00:00:00Z,2017
Augusto Nobre,Q16495263,https://www.wikidata.org/wiki/Q16495263,1865-06-23T00:00:00Z,1946-09-13T00:00:00Z,2017
Augusto Pedro de Mendoça Rolim de Moura Barreto,Q20016390,https://www.wikidata.org/wiki/Q20016390,1835-08-04T00:00:00Z,1914-11-22T00:00:00Z,1985
Augusto Ramos da Costa,Q105202119,https://www.wikidata.org/wiki/Q105202119,1875-01-01T00:00:00Z,1939-01-01T00:00:00Z,2010
Augusto Rosa,Q16495282,https://www.wikidata.org/wiki/Q16495282,1852-02-06T00:00:00Z,1918-05-02T00:00:00Z,1989
Augusto Valdez de Passos e Sousa,Q23778044,https://www.wikidata.org/wiki/Q23778044,1886-01-01T00:00:00Z,1915-01-01T00:00:00Z,1986
Augusto Vieira Soares,Q117356536,https://www.wikidata.org/wiki/Q117356536,1873-10-05T00:00:00Z,1954-06-07T00:00:00Z,2025
Augusto Vieira da Silva,Q25449172,https://www.wikidata.org/wiki/Q25449172,1869-01-01T00:00:00Z,1951-01-01T00:00:00Z,2022
Augusto da Costa,Q110137120,https://www.wikidata.org/wiki/Q110137120,1899-09-29T00:00:00Z,1954-07-07T00:00:00Z,2025
Augusto de Almeida Monjardino,Q16495167,https://www.wikidata.org/wiki/Q16495167,1871-03-03T00:00:00Z,1941-07-06T00:00:00Z,2012
Augusto de Castilho,Q2871709,https://www.wikidata.org/wiki/Q2871709,1841-10-10T00:00:00Z,1912-03-30T00:00:00Z,1983
Augusto de Lacerda,Q104694053,https://www.wikidata.org/wiki/Q104694053,1864-01-01T00:00:00Z,1926-01-01T00:00:00Z,1997
Augusto de Lemos Álvares Portugal Ribeiro,Q9638018,https://www.wikidata.org/wiki/Q9638018,1853-05-16T00:00:00Z,1913-08-20T00:00:00Z,1984
Augusto de Melo Pinto Cardoso,Q16495252,https://www.wikidata.org/wiki/Q16495252,1859-01-01T00:00:00Z,1930-01-01T00:00:00Z,2001
Augusto de Paiva Bobela da Mota,Q9638030,https://www.wikidata.org/wiki/Q9638030,1879-10-11T00:00:00Z,1931-04-29T00:00:00Z,2002
Augusto de Pina,Q130366961,https://www.wikidata.org/wiki/Q130366961,1872-01-01T00:00:00Z,1938-01-01T00:00:00Z,2009
Augusto de Sousa Rosa,Q59588206,https://www.wikidata.org/wiki/Q59588206,1871-01-01T00:00:00Z,1939-02-13T00:00:00Z,2010
Augusto de Vasconcelos,Q769876,https://www.wikidata.org/wiki/Q769876,1867-09-24T00:00:00Z,1951-09-27T00:00:00Z,2022
Augusto dos Reis,Q48878877,https://www.wikidata.org/wiki/Q48878877,1932-10-04T00:00:00Z,1932-10-04T00:00:00Z,2003
Aurora Teixeira de Castro,Q104619577,https://www.wikidata.org/wiki/Q104619577,1891-06-02T00:00:00Z,1938-12-14T00:00:00Z,2009
Aurélia de Morais Sarmento,Q131541515,https://www.wikidata.org/wiki/Q131541515,1869-06-04T00:00:00Z,1939-04-06T00:00:00Z,2010
Aurélia de Sousa,Q3324919,https://www.wikidata.org/wiki/Q3324919,1866-06-13T00:00:00Z,1922-05-26T00:00:00Z,1993
Aurélio Figueiredo Nunes da Silva,Q136556533,https://www.wikidata.org/wiki/Q136556533,1886-01-01T00:00:00Z,1955-01-05T00:00:00Z,2026
Aurélio Paz dos Reis,Q777539,https://www.wikidata.org/wiki/Q777539,1862-07-28T00:00:00Z,1931-09-18T00:00:00Z,2002
Aurélio Paz dos Reis,Q777539,https://www.wikidata.org/wiki/Q777539,1862-07-28T00:00:00Z,1931-09-19T00:00:00Z,2002
Avelino Ramos Meira,Q123614788,https://www.wikidata.org/wiki/Q123614788,1874-01-01T00:00:00Z,1953-01-01T00:00:00Z,2024
Avelino de Almeida,Q48878798,https://www.wikidata.org/wiki/Q48878798,1873-01-01T00:00:00Z,1932-08-02T00:00:00Z,2003
Ayres de Menezes,Q56823602,https://www.wikidata.org/wiki/Q56823602,1889-08-11T00:00:00Z,1946-04-27T00:00:00Z,2017
Azedo Gneco,Q9641221,https://www.wikidata.org/wiki/Q9641221,1849-06-21T00:00:00Z,1911-06-29T00:00:00Z,1982
Baltasar Fernandes,Q4852630,https://www.wikidata.org/wiki/Q4852630,1580-01-01T00:00:00Z,1667-01-01T00:00:00Z,1738
Baltazar Lopes Tavares de Araújo,Q135977090,https://www.wikidata.org/wiki/Q135977090,1614-01-01T00:00:00Z,1680-04-06T00:00:00Z,1751
Baltazar Álvares,Q11092762,https://www.wikidata.org/wiki/Q11092762,1560-01-01T00:00:00Z,1630-01-01T00:00:00Z,1701
Baltazar Álvares,Q11092762,https://www.wikidata.org/wiki/Q11092762,1561-01-01T00:00:00Z,1630-01-01T00:00:00Z,1701
Balthazar Osório,Q21392104,https://www.wikidata.org/wiki/Q21392104,1855-01-01T00:00:00Z,1926-01-01T00:00:00Z,1997
Bartolomeu Nunes Holtreman,Q25437989,https://www.wikidata.org/wiki/Q25437989,1725-01-01T00:00:00Z,1781-01-01T00:00:00Z,1852
Bartolomeu Sesinando Ribeiro Artur,Q16497064,https://www.wikidata.org/wiki/Q16497064,1851-08-11T00:00:00Z,1910-10-06T00:00:00Z,1981
Bartolomeu Severino,Q107326750,https://www.wikidata.org/wiki/Q107326750,1878-01-01T00:00:00Z,1953-01-01T00:00:00Z,2024
Bartolomeu de Gusmão,Q709516,https://www.wikidata.org/wiki/Q709516,1685-12-18T00:00:00Z,1724-11-19T00:00:00Z,1795
Basílio Cabral Teixeira de Queirós,Q9650909,https://www.wikidata.org/wiki/Q9650909,1794-02-12T00:00:00Z,1878-01-16T00:00:00Z,1949
Basílio Teles,Q4868436,https://www.wikidata.org/wiki/Q4868436,1866-02-14T00:00:00Z,1923-03-10T00:00:00Z,1994
Beatriz Pinheiro,Q9652430,https://www.wikidata.org/wiki/Q9652430,1871-10-29T00:00:00Z,1922-10-14T00:00:00Z,1993
Beatriz de Coimbra,Q7197259,https://www.wikidata.org/wiki/Q7197259,1435-01-01T00:00:00Z,1462-01-01T00:00:00Z,1533
Belarmino Guilherme de Almeida,Q131429207,https://www.wikidata.org/wiki/Q131429207,1878-01-01T00:00:00Z,1954-01-01T00:00:00Z,2025
Belchior José Garcez,Q131302317,https://www.wikidata.org/wiki/Q131302317,1808-03-24T00:00:00Z,1874-01-21T00:00:00Z,1945
Belmiro Augusto Vieira Fernandes,Q48878096,https://www.wikidata.org/wiki/Q48878096,1940-08-14T00:00:00Z,1940-08-14T00:00:00Z,2011
Benjamin Jorge Calado,Q115380149,https://www.wikidata.org/wiki/Q115380149,1875-01-01T00:00:00Z,1952-01-01T00:00:00Z,2023
Bento Antas da Cruz,Q16497830,https://www.wikidata.org/wiki/Q16497830,1876-05-03T00:00:00Z,1949-11-13T00:00:00Z,2020
Bento António Gonçalves,Q717865,https://www.wikidata.org/wiki/Q717865,1902-03-02T00:00:00Z,1942-09-11T00:00:00Z,2013
Bento Carqueja,Q9654655,https://www.wikidata.org/wiki/Q9654655,1860-11-06T00:00:00Z,1935-08-02T00:00:00Z,2006
Bento Cândido da Silva,Q104145123,https://www.wikidata.org/wiki/Q104145123,1881-04-26T00:00:00Z,1935-12-16T00:00:00Z,2006
Bento José Esteves de Faria,Q130493812,https://www.wikidata.org/wiki/Q130493812,1875-01-01T00:00:00Z,1954-01-01T00:00:00Z,2025
Bento Mântua,Q16497871,https://www.wikidata.org/wiki/Q16497871,1878-09-26T00:00:00Z,1932-12-18T00:00:00Z,2003
Bento Roma,Q9654804,https://www.wikidata.org/wiki/Q9654804,1884-01-02T00:00:00Z,1953-12-23T00:00:00Z,2024
Bento da Rocha Cabral,Q69387746,https://www.wikidata.org/wiki/Q69387746,1847-01-01T00:00:00Z,1921-01-01T00:00:00Z,1992
Bento de Jesus Caraça,Q4890520,https://www.wikidata.org/wiki/Q4890520,1901-04-18T00:00:00Z,1948-06-25T00:00:00Z,2019
Bento de Oliveira Cardoso e Castro Guedes de Carvalho Lobo,Q9094647,https://www.wikidata.org/wiki/Q9094647,1877-11-08T00:00:00Z,1935-09-03T00:00:00Z,2006
Bento de Queiroz Pereira Pinto Serpe e Melo,Q119648887,https://www.wikidata.org/wiki/Q119648887,1772-09-08T00:00:00Z,1816-05-17T00:00:00Z,1887
Benvindo António Ceia,Q9654862,https://www.wikidata.org/wiki/Q9654862,1870-11-22T00:00:00Z,1941-12-06T00:00:00Z,2012
Bernardino Camilo Cincinato da Costa,Q56072396,https://www.wikidata.org/wiki/Q56072396,1866-08-05T00:00:00Z,1930-01-22T00:00:00Z,2001
Bernardino Jordão,Q123301787,https://www.wikidata.org/wiki/Q123301787,1868-03-11T00:00:00Z,1940-05-23T00:00:00Z,2011
Bernardino Machado,Q455317,https://www.wikidata.org/wiki/Q455317,1851-03-28T00:00:00Z,1944-04-29T00:00:00Z,2015
Bernardo António da Costa de Sousa de Macedo,Q9655219,https://www.wikidata.org/wiki/Q9655219,1863-09-16T00:00:00Z,1947-06-16T00:00:00Z,2018
Bernardo Augusto de Madureira e Vasconcelos,Q9655262,https://www.wikidata.org/wiki/Q9655262,1842-03-07T00:00:00Z,1926-09-18T00:00:00Z,1997
Bernardo Homem Machado de Figueiredo de Abreu Castelo Branco,Q9655309,https://www.wikidata.org/wiki/Q9655309,1856-03-20T00:00:00Z,1929-02-18T00:00:00Z,2000
Bernardo Pereira da Silva,Q127684971,https://www.wikidata.org/wiki/Q127684971,1860-01-01T00:00:00Z,1948-02-10T00:00:00Z,2019
Bernardo Pinheiro Correia de Melo,Q16497992,https://www.wikidata.org/wiki/Q16497992,1855-05-27T00:00:00Z,1911-05-21T00:00:00Z,1982
Bernardo Valentim Moreira de Sá,Q3638809,https://www.wikidata.org/wiki/Q3638809,1853-02-14T00:00:00Z,1924-04-02T00:00:00Z,1995
Bernardo de Passos,Q9655501,https://www.wikidata.org/wiki/Q9655501,1876-10-29T00:00:00Z,1930-06-02T00:00:00Z,2001
Bernardo de Vasconcelos,Q9655516,https://www.wikidata.org/wiki/Q9655516,1902-01-01T00:00:00Z,1932-07-04T00:00:00Z,2003
Berta de Ataíde,Q50386076,https://www.wikidata.org/wiki/Q50386076,1847-09-16T00:00:00Z,1928-05-01T00:00:00Z,1999
Braamcamp Freire,Q6383713,https://www.wikidata.org/wiki/Q6383713,1849-02-01T00:00:00Z,1921-12-23T00:00:00Z,1992
Branca de Gonta Colaço,Q3701662,https://www.wikidata.org/wiki/Q3701662,1880-07-08T00:00:00Z,1945-03-22T00:00:00Z,2016
Branco Rodrigues,Q130367172,https://www.wikidata.org/wiki/Q130367172,1861-01-01T00:00:00Z,1926-01-01T00:00:00Z,1997
Brito Aranha,Q10347815,https://www.wikidata.org/wiki/Q10347815,1833-01-01T00:00:00Z,1914-01-01T00:00:00Z,1985
Brito Paes,Q9667037,https://www.wikidata.org/wiki/Q9667037,1884-07-15T00:00:00Z,1934-02-22T00:00:00Z,2005
Bruno Tavares Carreiro,Q112586227,https://www.wikidata.org/wiki/Q112586227,1857-01-01T00:00:00Z,1911-01-01T00:00:00Z,1982
Brás Mouzinho de Albuquerque,Q9667962,https://www.wikidata.org/wiki/Q9667962,1859-03-30T00:00:00Z,1922-01-16T00:00:00Z,1993
Caetano Alberto da Silva,Q17318065,https://www.wikidata.org/wiki/Q17318065,1843-01-01T00:00:00Z,1924-01-01T00:00:00Z,1995
Caetano Alexandre de Almeida e Albuquerque,Q2932888,https://www.wikidata.org/wiki/Q2932888,1824-01-01T00:00:00Z,1916-01-01T00:00:00Z,1987
Caetano Alexandre de Almeida e Albuquerque,Q2932888,https://www.wikidata.org/wiki/Q2932888,1824-01-01T00:00:00Z,1916-09-08T00:00:00Z,1987
Caetano Alexandre de Almeida e Albuquerque,Q2932888,https://www.wikidata.org/wiki/Q2932888,1824-04-15T00:00:00Z,1916-01-01T00:00:00Z,1987
Caetano Alexandre de Almeida e Albuquerque,Q2932888,https://www.wikidata.org/wiki/Q2932888,1824-04-15T00:00:00Z,1916-09-08T00:00:00Z,1987
Caetano António da Gama Pinto,Q1715703,https://www.wikidata.org/wiki/Q1715703,1853-04-30T00:00:00Z,1945-01-01T00:00:00Z,2016
Caetano Feu Marchena,Q139948468,https://www.wikidata.org/wiki/Q139948468,1880-01-01T00:00:00Z,1946-07-02T00:00:00Z,2017
Caetano Pereira Sanches de Castro,Q131282833,https://www.wikidata.org/wiki/Q131282833,1822-10-21T00:00:00Z,1908-08-01T00:00:00Z,1979
Caetano Rodrigues Caminha,Q23778011,https://www.wikidata.org/wiki/Q23778011,1850-01-01T00:00:00Z,1930-01-01T00:00:00Z,2001
Caldeira Pires,Q130365539,https://www.wikidata.org/wiki/Q130365539,1854-01-01T00:00:00Z,1930-01-01T00:00:00Z,2001
Calouste Gulbenkian,Q345538,https://www.wikidata.org/wiki/Q345538,1869-03-23T00:00:00Z,1955-07-20T00:00:00Z,2026
Camilo Dionísio Álvares,Q9675360,https://www.wikidata.org/wiki/Q9675360,1876-01-01T00:00:00Z,1916-01-01T00:00:00Z,1987
Camilo Pessanha,Q286722,https://www.wikidata.org/wiki/Q286722,1867-09-07T00:00:00Z,1926-03-01T00:00:00Z,1997
Camilo Rebocho,Q115380230,https://www.wikidata.org/wiki/Q115380230,1892-01-01T00:00:00Z,1952-01-01T00:00:00Z,2023
Carlos Abreu,Q115407145,https://www.wikidata.org/wiki/Q115407145,1868-01-01T00:00:00Z,1952-01-01T00:00:00Z,2023
Carlos Alberto Nunes de Velez Juzarte Rolo,Q9696814,https://www.wikidata.org/wiki/Q9696814,1884-07-25T00:00:00Z,1949-02-21T00:00:00Z,2020
Carlos Alberto Soares Cardoso,Q9696824,https://www.wikidata.org/wiki/Q9696824,1936-06-30T00:00:00Z,1936-06-30T00:00:00Z,2007
Carlos Amaro,Q9696851,https://www.wikidata.org/wiki/Q9696851,1879-08-22T00:00:00Z,1946-07-08T00:00:00Z,2017
Carlos António Ferreira Monte,Q106543089,https://www.wikidata.org/wiki/Q106543089,1730-01-01T00:00:00Z,1815-01-01T00:00:00Z,1886
Carlos Ary dos Santos,Q136565049,https://www.wikidata.org/wiki/Q136565049,1879-05-27T00:00:00Z,1955-01-01T00:00:00Z,2026
Carlos Augusto Coelho de Vasconcelos Porto,Q16929960,https://www.wikidata.org/wiki/Q16929960,1862-09-15T00:00:00Z,1945-01-01T00:00:00Z,2016
Carlos Augusto Schiappa Pietra,Q133569607,https://www.wikidata.org/wiki/Q133569607,1819-08-26T00:00:00Z,1899-09-02T00:00:00Z,1970
Carlos Azevedo de Menezes,Q21393819,https://www.wikidata.org/wiki/Q21393819,1863-08-26T00:00:00Z,1928-05-01T00:00:00Z,1999
Carlos Belo de Morais,Q105271582,https://www.wikidata.org/wiki/Q105271582,1868-11-29T00:00:00Z,1933-06-01T00:00:00Z,2004
Carlos Bonvalot,Q64569509,https://www.wikidata.org/wiki/Q64569509,1893-07-24T00:00:00Z,1934-02-13T00:00:00Z,2005
Carlos Botelho Moniz,Q116047767,https://www.wikidata.org/wiki/Q116047767,1896-01-01T00:00:00Z,1952-01-01T00:00:00Z,2023
Carlos Callixto,Q16929961,https://www.wikidata.org/wiki/Q16929961,1863-03-03T00:00:00Z,1913-06-21T00:00:00Z,1984
Carlos Eugénio de Vasconcelos,Q9697050,https://www.wikidata.org/wiki/Q9697050,1883-09-06T00:00:00Z,1928-07-29T00:00:00Z,1999
Carlos França,Q22103182,https://www.wikidata.org/wiki/Q22103182,1877-06-09T00:00:00Z,1926-07-17T00:00:00Z,1997
Carlos Galrão,Q124024738,https://www.wikidata.org/wiki/Q124024738,1857-10-21T00:00:00Z,1953-08-03T00:00:00Z,2024
Carlos Maia Pinto,Q357359,https://www.wikidata.org/wiki/Q357359,1866-06-05T00:00:00Z,1932-11-02T00:00:00Z,2003
Carlos Malheiro Dias,Q9697193,https://www.wikidata.org/wiki/Q9697193,1875-08-13T00:00:00Z,1941-10-19T00:00:00Z,2012
Carlos Maximiliano de Sousa,Q106543095,https://www.wikidata.org/wiki/Q106543095,1811-01-01T00:00:00Z,1867-01-01T00:00:00Z,1938
Carlos Parreira,Q106464507,https://www.wikidata.org/wiki/Q106464507,1890-01-01T00:00:00Z,1950-01-01T00:00:00Z,2021
Carlos Pato,Q106464479,https://www.wikidata.org/wiki/Q106464479,1920-12-21T00:00:00Z,1950-06-26T00:00:00Z,2021
Carlos Pinto Machado,Q48124460,https://www.wikidata.org/wiki/Q48124460,1881-01-01T00:00:00Z,1934-01-01T00:00:00Z,2005
Carlos Queirós Ribeiro,Q1043162,https://www.wikidata.org/wiki/Q1043162,1907-04-05T00:00:00Z,1949-10-27T00:00:00Z,2020
Carlos Reis,Q549850,https://www.wikidata.org/wiki/Q549850,1863-02-21T00:00:00Z,1940-08-21T00:00:00Z,2011
Carlos Reis,Q549850,https://www.wikidata.org/wiki/Q549850,1864-02-21T00:00:00Z,1940-08-21T00:00:00Z,2011
Carlos Roma Machado de Faria e Maia,Q95286831,https://www.wikidata.org/wiki/Q95286831,1861-06-06T00:00:00Z,1953-08-21T00:00:00Z,2024
Carlos Roma du Bocage,Q104631785,https://www.wikidata.org/wiki/Q104631785,1853-01-01T00:00:00Z,1918-01-01T00:00:00Z,1989
Carlos Santos,Q16929965,https://www.wikidata.org/wiki/Q16929965,1871-11-05T00:00:00Z,1949-08-11T00:00:00Z,2020
Carlos de Almeida Pereira,Q55112623,https://www.wikidata.org/wiki/Q55112623,1874-01-01T00:00:00Z,1948-12-09T00:00:00Z,2019
Carlos de Faria e Melo,Q9697417,https://www.wikidata.org/wiki/Q9697417,1849-07-12T00:00:00Z,1917-07-27T00:00:00Z,1988
Carlos de Lemos,Q9697419,https://www.wikidata.org/wiki/Q9697419,1867-01-03T00:00:00Z,1954-01-01T00:00:00Z,2025
Carlos de Mesquita,Q9697423,https://www.wikidata.org/wiki/Q9697423,1870-02-14T00:00:00Z,1916-05-09T00:00:00Z,1987
Carlota de Serpa Pinto,Q80563977,https://www.wikidata.org/wiki/Q80563977,1872-12-25T00:00:00Z,1948-12-11T00:00:00Z,2019
Carmen Cardoso,Q111529261,https://www.wikidata.org/wiki/Q111529261,1874-12-27T00:00:00Z,1910-01-01T00:00:00Z,1981
Carmen Miranda,Q121655,https://www.wikidata.org/wiki/Q121655,1909-02-09T00:00:00Z,1955-08-05T00:00:00Z,2026
Carolina Beatriz Ângelo,Q2817246,https://www.wikidata.org/wiki/Q2817246,1878-04-16T00:00:00Z,1911-10-03T00:00:00Z,1982
Carolina Michaëlis,Q76158,https://www.wikidata.org/wiki/Q76158,1851-03-15T00:00:00Z,1925-11-16T00:00:00Z,1996
Carvalho Araújo,Q9697975,https://www.wikidata.org/wiki/Q9697975,1881-05-18T00:00:00Z,1918-10-14T00:00:00Z,1989
Casemiro do Amaral,Q3661682,https://www.wikidata.org/wiki/Q3661682,1892-09-14T00:00:00Z,1939-10-08T00:00:00Z,2010
Casemiro do Amaral,Q3661682,https://www.wikidata.org/wiki/Q3661682,1892-09-14T00:00:00Z,1939-10-18T00:00:00Z,2010
Casimiro Freire,Q17318094,https://www.wikidata.org/wiki/Q17318094,1843-10-08T00:00:00Z,1918-10-20T00:00:00Z,1989
Casimiro Rodrigues de Sá,Q9701995,https://www.wikidata.org/wiki/Q9701995,1873-04-24T00:00:00Z,1934-01-28T00:00:00Z,2005
Casoto,Q5049005,https://www.wikidata.org/wiki/Q5049005,1906-01-01T00:00:00Z,1955-01-01T00:00:00Z,2026
Catarina Eufémia,Q440907,https://www.wikidata.org/wiki/Q440907,1928-02-13T00:00:00Z,1954-05-19T00:00:00Z,2025
Celestino David,Q115407307,https://www.wikidata.org/wiki/Q115407307,1880-01-01T00:00:00Z,1952-01-01T00:00:00Z,2023
Celestino de Almeida,Q16929976,https://www.wikidata.org/wiki/Q16929976,1864-05-28T00:00:00Z,1922-08-10T00:00:00Z,1993
Celso Hermínio,Q17280310,https://www.wikidata.org/wiki/Q17280310,1871-03-02T00:00:00Z,1904-03-08T00:00:00Z,1975
Charles de Lambert,Q2960625,https://www.wikidata.org/wiki/Q2960625,1865-12-30T00:00:00Z,1944-02-26T00:00:00Z,2015
Chica da Silva,Q1789869,https://www.wikidata.org/wiki/Q1789869,1732-01-01T00:00:00Z,1796-01-01T00:00:00Z,1867
Ciríaco Tavares da Silva,Q116278010,https://www.wikidata.org/wiki/Q116278010,1862-03-16T00:00:00Z,1938-11-05T00:00:00Z,2009
Clara de Resende,Q9769418,https://www.wikidata.org/wiki/Q9769418,1855-11-24T00:00:00Z,1933-12-19T00:00:00Z,2004
Clemente Menéres,Q25441464,https://www.wikidata.org/wiki/Q25441464,1843-01-01T00:00:00Z,1916-01-01T00:00:00Z,1987
Cláudia de Campos,Q17280314,https://www.wikidata.org/wiki/Q17280314,1859-01-28T00:00:00Z,1916-12-30T00:00:00Z,1987
Cláudio Basto,Q19363527,https://www.wikidata.org/wiki/Q19363527,1886-08-23T00:00:00Z,1945-05-02T00:00:00Z,2016
Columbano Bordalo Pinheiro,Q1112288,https://www.wikidata.org/wiki/Q1112288,1857-11-21T00:00:00Z,1929-11-06T00:00:00Z,2000
Conde do Ameal,Q16489680,https://www.wikidata.org/wiki/Q16489680,1844-02-05T00:00:00Z,1920-07-13T00:00:00Z,1991
Constantino Fernandes,Q52156250,https://www.wikidata.org/wiki/Q52156250,1878-09-29T00:00:00Z,1920-06-21T00:00:00Z,1991
Constantino José Cardoso,Q9855413,https://www.wikidata.org/wiki/Q9855413,1864-08-23T00:00:00Z,1938-03-05T00:00:00Z,2009
Correia Pinto,Q115434455,https://www.wikidata.org/wiki/Q115434455,1873-01-01T00:00:00Z,1952-01-01T00:00:00Z,2023
Cosme Damião,Q1136107,https://www.wikidata.org/wiki/Q1136107,1885-11-02T00:00:00Z,1947-06-11T00:00:00Z,2018
Cosme Damião,Q1136107,https://www.wikidata.org/wiki/Q1136107,1885-11-02T00:00:00Z,1947-06-12T00:00:00Z,2018
Costa Motta,Q10261186,https://www.wikidata.org/wiki/Q10261186,1862-01-01T00:00:00Z,1930-05-26T00:00:00Z,2001
Costa Motta,Q10261186,https://www.wikidata.org/wiki/Q10261186,1862-02-12T00:00:00Z,1930-05-26T00:00:00Z,2001
Cottinelli Telmo,Q1709752,https://www.wikidata.org/wiki/Q1709752,1897-11-13T00:00:00Z,1948-09-18T00:00:00Z,2019
Cottinelli Telmo,Q1709752,https://www.wikidata.org/wiki/Q1709752,1897-11-13T00:00:00Z,1948-09-19T00:00:00Z,2019
Cristiano Cruz,Q10261635,https://www.wikidata.org/wiki/Q10261635,1892-05-06T00:00:00Z,1951-10-21T00:00:00Z,2022
Cristiano de Carvalho,Q10261653,https://www.wikidata.org/wiki/Q10261653,1874-12-22T00:00:00Z,1940-11-21T00:00:00Z,2011
Cristiano de Sousa,Q106419707,https://www.wikidata.org/wiki/Q106419707,1862-03-13T00:00:00Z,1935-10-30T00:00:00Z,2006
Cristóvão Aires,Q25826738,https://www.wikidata.org/wiki/Q25826738,1853-03-30T00:00:00Z,1930-06-10T00:00:00Z,2001
Cristóvão Pedro de Morais Sarmento,Q75468726,https://www.wikidata.org/wiki/Q75468726,1788-05-13T00:00:00Z,1851-01-11T00:00:00Z,1922
Cristóvão de Brito,Q23778029,https://www.wikidata.org/wiki/Q23778029,1485-01-01T00:00:00Z,1563-01-01T00:00:00Z,1634
Cristóvão de Sá,Q10261742,https://www.wikidata.org/wiki/Q10261742,http://www.wikidata.org/.well-known/genid/7c983e063553e22d3c2cec14fdb11fd0,1622-03-31T00:00:00Z,1693
Cruz Magalhães,Q82263484,https://www.wikidata.org/wiki/Q82263484,1864-01-01T00:00:00Z,1928-01-01T00:00:00Z,1999
Cunha Moraes,Q67088306,https://www.wikidata.org/wiki/Q67088306,1855-01-01T00:00:00Z,1933-04-21T00:00:00Z,2004
Custódio Cabeça,Q105222467,https://www.wikidata.org/wiki/Q105222467,1886-08-04T00:00:00Z,1936-09-06T00:00:00Z,2007
Custódio Miguel de Borja,Q10262535,https://www.wikidata.org/wiki/Q10262535,1849-12-25T00:00:00Z,1911-11-21T00:00:00Z,1982
Custódio de Santa Ana de Almeida,Q64735088,https://www.wikidata.org/wiki/Q64735088,1748-04-17T00:00:00Z,1812-03-23T00:00:00Z,1883
Cândido Luís de Melo,Q10262982,https://www.wikidata.org/wiki/Q10262982,1866-02-03T00:00:00Z,1936-12-03T00:00:00Z,2007
Cândido Sotto Mayor,Q10262996,https://www.wikidata.org/wiki/Q10262996,1852-10-26T00:00:00Z,1935-10-29T00:00:00Z,2006
Cândido de Figueiredo,Q10263005,https://www.wikidata.org/wiki/Q10263005,1846-09-19T00:00:00Z,1925-09-26T00:00:00Z,1996
Cândido de Meneses Pacheco de Melo Forjaz de Lacerda,Q10263004,https://www.wikidata.org/wiki/Q10263004,1863-05-05T00:00:00Z,1922-04-26T00:00:00Z,1993
César Augusto de Oliveira Moura Brás,Q130493295,https://www.wikidata.org/wiki/Q130493295,1881-01-01T00:00:00Z,1954-01-01T00:00:00Z,2025
César Justino de Lima Alves,Q10263117,https://www.wikidata.org/wiki/Q10263117,1866-03-17T00:00:00Z,1942-03-04T00:00:00Z,2013
César Porto,Q23926992,https://www.wikidata.org/wiki/Q23926992,1837-11-30T00:00:00Z,1944-12-25T00:00:00Z,2015
César de Sousa Mendes,Q116476512,https://www.wikidata.org/wiki/Q116476512,1885-07-19T00:00:00Z,1955-08-10T00:00:00Z,2026
D. Mariana das Dores de Melo,Q138465498,https://www.wikidata.org/wiki/Q138465498,1856-04-26T00:00:00Z,1952-01-01T00:00:00Z,2023
Damião Augusto de Brito Vasconcelos,Q124024873,https://www.wikidata.org/wiki/Q124024873,1880-01-01T00:00:00Z,1953-11-28T00:00:00Z,2024
Daniel Cesário de Andrade,Q17280320,https://www.wikidata.org/wiki/Q17280320,1891-01-25T00:00:00Z,1949-04-15T00:00:00Z,2020
Daniel Rodrigues,Q110027787,https://www.wikidata.org/wiki/Q110027787,1877-05-08T00:00:00Z,1951-11-04T00:00:00Z,2022
David Augusto Corazzi,Q125869837,https://www.wikidata.org/wiki/Q125869837,1845-07-04T00:00:00Z,1896-11-28T00:00:00Z,1967
David Cohen de Castro e Lara,Q10264387,https://www.wikidata.org/wiki/Q10264387,1839-01-01T00:00:00Z,1913-01-01T00:00:00Z,1984
David José Alves,Q5235769,https://www.wikidata.org/wiki/Q5235769,1866-01-01T00:00:00Z,1924-01-01T00:00:00Z,1995
David Lopes,Q10264414,https://www.wikidata.org/wiki/Q10264414,1867-04-17T00:00:00Z,1942-02-03T00:00:00Z,2013
David ben Solomon ibn Yahya,Q3019027,https://www.wikidata.org/wiki/Q3019027,1455-01-01T00:00:00Z,1528-01-01T00:00:00Z,1599
David de Sousa,Q1177378,https://www.wikidata.org/wiki/Q1177378,1880-05-06T00:00:00Z,1918-10-03T00:00:00Z,1989
Delfim Guimarães,Q10264851,https://www.wikidata.org/wiki/Q10264851,1872-08-04T00:00:00Z,1933-07-06T00:00:00Z,2004
Deolinda de Macedo,Q136799418,https://www.wikidata.org/wiki/Q136799418,1894-03-27T00:00:00Z,1945-11-27T00:00:00Z,2016
Diana de Liz,Q122652621,https://www.wikidata.org/wiki/Q122652621,1892-03-29T00:00:00Z,1930-05-30T00:00:00Z,2001
Diego Duarte,Q5274637,https://www.wikidata.org/wiki/Q5274637,1612-01-01T00:00:00Z,1691-01-01T00:00:00Z,1762
Dinis Dias,Q128780,https://www.wikidata.org/wiki/Q128780,http://www.wikidata.org/.well-known/genid/83c4071999ebf3392fba7faff63a3b63,1401-01-01T00:00:00Z,1472
Dinis Moreira da Mota,Q10266470,https://www.wikidata.org/wiki/Q10266470,1860-03-02T00:00:00Z,1914-08-29T00:00:00Z,1985
Diogo Ivens,Q106464502,https://www.wikidata.org/wiki/Q106464502,1903-01-01T00:00:00Z,1950-01-01T00:00:00Z,2021
Diogo José Cabral,Q10266568,https://www.wikidata.org/wiki/Q10266568,1864-12-12T00:00:00Z,1923-12-24T00:00:00Z,1994
Diogo José Ferreira de Eça de Meneses,Q131703075,https://www.wikidata.org/wiki/Q131703075,1772-08-01T00:00:00Z,1862-02-04T00:00:00Z,1933
Diogo José Vito de Meneses Noronha Coutinho,Q131369684,https://www.wikidata.org/wiki/Q131369684,1739-06-15T00:00:00Z,1803-08-13T00:00:00Z,1874
Diogo Leote,Q47318521,https://www.wikidata.org/wiki/Q47318521,1849-01-07T00:00:00Z,1920-03-08T00:00:00Z,1991
Diogo Paim de Bruges,Q10266581,https://www.wikidata.org/wiki/Q10266581,1866-07-26T00:00:00Z,1930-03-25T00:00:00Z,2001
Diogo cassels,Q10266609,https://www.wikidata.org/wiki/Q10266609,1844-11-03T00:00:00Z,1923-11-07T00:00:00Z,1994
Diogo de Barcelos Machado de Bettencourt,Q5279228,https://www.wikidata.org/wiki/Q5279228,1847-08-08T00:00:00Z,1922-10-16T00:00:00Z,1993
Diogo de Bettencourt de Vasconcelos Correia e Ávila,Q10266614,https://www.wikidata.org/wiki/Q10266614,1863-04-14T00:00:00Z,1914-06-02T00:00:00Z,1985
Diogo de Campos Moreno,Q10266618,https://www.wikidata.org/wiki/Q10266618,1566-01-01T00:00:00Z,1617-01-01T00:00:00Z,1688
Diogo de Mendonça Corte-Real,Q5279236,https://www.wikidata.org/wiki/Q5279236,1658-06-17T00:00:00Z,1736-05-09T00:00:00Z,1807
Diogo de Mendonça Corte-Real,Q5279236,https://www.wikidata.org/wiki/Q5279236,1658-07-17T00:00:00Z,1736-05-09T00:00:00Z,1807
Diogo de Portugal,Q5279183,https://www.wikidata.org/wiki/Q5279183,1425-01-01T00:00:00Z,1443-01-01T00:00:00Z,1514
Domingas Lazary do Amaral,Q123857267,https://www.wikidata.org/wiki/Q123857267,1883-01-01T00:00:00Z,1954-06-04T00:00:00Z,2025
Domingos Alvão,Q10268018,https://www.wikidata.org/wiki/Q10268018,1869-09-14T00:00:00Z,1946-11-20T00:00:00Z,2017
Domingos Anes Jardo,Q10268025,https://www.wikidata.org/wiki/Q10268025,http://www.wikidata.org/.well-known/genid/340afb7d5dd16819f1d3f23fd3088482,1293-12-23T00:00:00Z,1364
Domingos Augusto Borges,Q10268027,https://www.wikidata.org/wiki/Q10268027,1892-08-04T00:00:00Z,1933-04-02T00:00:00Z,2004
Domingos Eugénio da Silva Canedo,Q23778014,https://www.wikidata.org/wiki/Q23778014,1854-01-01T00:00:00Z,1913-11-07T00:00:00Z,1984
Domingos Fezas Vital,Q10268056,https://www.wikidata.org/wiki/Q10268056,1888-01-10T00:00:00Z,1953-01-22T00:00:00Z,2024
Domingos Joaquim da Silva,Q10268064,https://www.wikidata.org/wiki/Q10268064,1854-11-27T00:00:00Z,1936-09-11T00:00:00Z,2007
Domingos José Cerqueira,Q115803125,https://www.wikidata.org/wiki/Q115803125,1870-04-14T00:00:00Z,1927-12-08T00:00:00Z,1998
Domingos Maria Frutuoso,Q10268086,https://www.wikidata.org/wiki/Q10268086,1867-02-10T00:00:00Z,1949-07-06T00:00:00Z,2020
Domingos Maria Frutuoso,Q10268086,https://www.wikidata.org/wiki/Q10268086,1867-02-13T00:00:00Z,1949-07-06T00:00:00Z,2020
Domingos Maria da Costa,Q131429225,https://www.wikidata.org/wiki/Q131429225,1867-01-01T00:00:00Z,1954-01-01T00:00:00Z,2025
Domingos Pinto Coelho,Q10268105,https://www.wikidata.org/wiki/Q10268105,1855-10-08T00:00:00Z,1944-07-14T00:00:00Z,2015
Domingos Tasso de Figueiredo,Q10268119,https://www.wikidata.org/wiki/Q10268119,1852-01-01T00:00:00Z,1919-01-01T00:00:00Z,1990
Domingos Torrado,Q20045728,https://www.wikidata.org/wiki/Q20045728,1555-01-01T00:00:00Z,1612-12-30T00:00:00Z,1683
Dominguez Alvarez,Q10268149,https://www.wikidata.org/wiki/Q10268149,1906-02-23T00:00:00Z,1942-04-12T00:00:00Z,2013
Donaciano de Abreu Freire,Q106464339,https://www.wikidata.org/wiki/Q106464339,1889-11-15T00:00:00Z,1950-01-01T00:00:00Z,2021
Duarte Bruno,Q106464378,https://www.wikidata.org/wiki/Q106464378,1868-01-01T00:00:00Z,1950-01-01T00:00:00Z,2021
Duarte Faria e Maia,Q10268876,https://www.wikidata.org/wiki/Q10268876,1867-06-10T00:00:00Z,1922-11-03T00:00:00Z,1993
Duarte Leite,Q1261617,https://www.wikidata.org/wiki/Q1261617,1864-08-11T00:00:00Z,1950-09-29T00:00:00Z,2021
Duarte Manuel de Andrade Albuquerque de Bettencourt,Q10268875,https://www.wikidata.org/wiki/Q10268875,1890-09-08T00:00:00Z,1950-11-14T00:00:00Z,2021
Duarte Nunes,Q48858687,https://www.wikidata.org/wiki/Q48858687,http://www.wikidata.org/.well-known/genid/a18ef5d154ee487d260978a1b89b7b50,1528-01-01T00:00:00Z,1599
Duarte Pacheco,Q10268881,https://www.wikidata.org/wiki/Q10268881,1900-04-19T00:00:00Z,1943-11-16T00:00:00Z,2014
Duarte de Andrade Albuquerque de Bettencourt,Q10268894,https://www.wikidata.org/wiki/Q10268894,1856-02-28T00:00:00Z,1932-04-12T00:00:00Z,2003
"Duarte de Portugal, 5.º Duque de Guimarães",Q3719812,https://www.wikidata.org/wiki/Q3719812,1541-03-01T00:00:00Z,1576-12-08T00:00:00Z,1647
"Duarte de Portugal, arcebispo de Braga",Q10268901,https://www.wikidata.org/wiki/Q10268901,1521-01-01T00:00:00Z,1543-11-21T00:00:00Z,1614
"Duarte de Portugal, arcebispo de Braga",Q10268901,https://www.wikidata.org/wiki/Q10268901,1522-01-01T00:00:00Z,1543-11-21T00:00:00Z,1614
Dário Flores,Q110129597,https://www.wikidata.org/wiki/Q110129597,1879-01-01T00:00:00Z,1951-01-01T00:00:00Z,2022
Edmundo Curvelo,Q10270469,https://www.wikidata.org/wiki/Q10270469,1913-10-18T00:00:00Z,1954-01-13T00:00:00Z,2025
Eduardo Abreu,Q8772425,https://www.wikidata.org/wiki/Q8772425,1855-01-01T00:00:00Z,1912-02-04T00:00:00Z,1983
Eduardo Abreu,Q8772425,https://www.wikidata.org/wiki/Q8772425,1856-02-08T00:00:00Z,1912-02-04T00:00:00Z,1983
Eduardo Augusto Marques,Q948570,https://www.wikidata.org/wiki/Q948570,1867-06-21T00:00:00Z,1944-06-10T00:00:00Z,2015
Eduardo Augusto de Sousa Ribeiro,Q10270619,https://www.wikidata.org/wiki/Q10270619,1848-12-03T00:00:00Z,1915-02-20T00:00:00Z,1986
Eduardo Brazão,Q10270627,https://www.wikidata.org/wiki/Q10270627,1851-02-06T00:00:00Z,1925-05-29T00:00:00Z,1996
Eduardo Burnay,Q28028914,https://www.wikidata.org/wiki/Q28028914,1852-07-03T00:00:00Z,1924-01-01T00:00:00Z,1995
Eduardo Burnay,Q28028914,https://www.wikidata.org/wiki/Q28028914,1852-07-03T00:00:00Z,1924-12-08T00:00:00Z,1995
Eduardo Dias,Q25442571,https://www.wikidata.org/wiki/Q25442571,1888-01-01T00:00:00Z,1949-01-01T00:00:00Z,2020
Eduardo Duarte Ferreira,Q10270664,https://www.wikidata.org/wiki/Q10270664,1856-02-10T00:00:00Z,1948-01-01T00:00:00Z,2019
Eduardo Garrido,Q104641472,https://www.wikidata.org/wiki/Q104641472,1842-01-01T00:00:00Z,1912-01-01T00:00:00Z,1983
Eduardo Garrido,Q104641472,https://www.wikidata.org/wiki/Q104641472,1842-01-01T00:00:00Z,1912-12-20T00:00:00Z,1983
Eduardo Garrido,Q104641472,https://www.wikidata.org/wiki/Q104641472,1842-10-20T00:00:00Z,1912-01-01T00:00:00Z,1983
Eduardo Garrido,Q104641472,https://www.wikidata.org/wiki/Q104641472,1842-10-20T00:00:00Z,1912-12-20T00:00:00Z,1983
Eduardo Gomes da Silva,Q65581428,https://www.wikidata.org/wiki/Q65581428,1876-07-27T00:00:00Z,1955-11-10T00:00:00Z,2026
Eduardo Ismael dos Santos de Andrea,Q23926997,https://www.wikidata.org/wiki/Q23926997,1879-01-01T00:00:00Z,1937-01-01T00:00:00Z,2008
Eduardo José Coelho,Q110910811,https://www.wikidata.org/wiki/Q110910811,1835-09-17T00:00:00Z,1913-04-05T00:00:00Z,1984
Eduardo Moreira de Sá,Q110137675,https://www.wikidata.org/wiki/Q110137675,1883-01-01T00:00:00Z,1951-01-01T00:00:00Z,2022
Eduardo Rodrigues da Costa,Q47318339,https://www.wikidata.org/wiki/Q47318339,1860-06-02T00:00:00Z,1912-07-07T00:00:00Z,1983
Eduardo Schwalbach Lucci,Q10270775,https://www.wikidata.org/wiki/Q10270775,1860-05-18T00:00:00Z,1946-12-08T00:00:00Z,2017
Eduardo Sequeira,Q21395815,https://www.wikidata.org/wiki/Q21395815,1861-12-31T00:00:00Z,1914-11-30T00:00:00Z,1985
Eduardo da Costa Alves Júnior,Q116369039,https://www.wikidata.org/wiki/Q116369039,1872-09-22T00:00:00Z,1918-11-04T00:00:00Z,1989
Eduardo da Costa Ferreira,Q17318153,https://www.wikidata.org/wiki/Q17318153,1888-01-19T00:00:00Z,1951-01-01T00:00:00Z,2022
Eduardo da Costa Macedo,Q10270801,https://www.wikidata.org/wiki/Q10270801,1859-11-15T00:00:00Z,1916-05-20T00:00:00Z,1987
Eduardo da Fonseca,Q27839513,https://www.wikidata.org/wiki/Q27839513,1863-03-26T00:00:00Z,1938-03-14T00:00:00Z,2009
Eduardo de Campos e Castro de Azevedo Soares,Q10270814,https://www.wikidata.org/wiki/Q10270814,1864-09-22T00:00:00Z,1955-08-08T00:00:00Z,2026
Eduardo de Faria,Q110135250,https://www.wikidata.org/wiki/Q110135250,1896-01-01T00:00:00Z,1951-01-01T00:00:00Z,2022
Eduardo de Noronha,Q10270820,https://www.wikidata.org/wiki/Q10270820,1859-10-26T00:00:00Z,1948-09-26T00:00:00Z,2019
Eduardo de Ornelas de França Carvalhal Frazão e Figueiroa,Q10270819,https://www.wikidata.org/wiki/Q10270819,1841-01-01T00:00:00Z,1914-01-01T00:00:00Z,1985
Eduardo de Serpa Pimentel,Q16930058,https://www.wikidata.org/wiki/Q16930058,1828-01-01T00:00:00Z,1917-01-01T00:00:00Z,1988
Eduardo dos Santos,Q10270821,https://www.wikidata.org/wiki/Q10270821,1893-06-10T00:00:00Z,1946-01-16T00:00:00Z,2017
Edwiges Goulart Prieto,Q10270912,https://www.wikidata.org/wiki/Q10270912,1870-07-27T00:00:00Z,1916-08-21T00:00:00Z,1987
Efigénia do Carvalhal,Q124931401,https://www.wikidata.org/wiki/Q124931401,1839-03-16T00:00:00Z,1932-01-22T00:00:00Z,2003
Elias José Ribeiro Júnior,Q10271868,https://www.wikidata.org/wiki/Q10271868,1846-01-09T00:00:00Z,1918-05-11T00:00:00Z,1989
Elisa de Paiva Curado,Q106544625,https://www.wikidata.org/wiki/Q106544625,1858-01-01T00:00:00Z,1933-01-01T00:00:00Z,2004
Elise Hensler,Q433543,https://www.wikidata.org/wiki/Q433543,1836-05-22T00:00:00Z,1929-05-21T00:00:00Z,2000
Elmiro Borges da Costa Mendes,Q10272025,https://www.wikidata.org/wiki/Q10272025,1905-07-30T00:00:00Z,1954-09-03T00:00:00Z,2025
Elzira Dantas Machado,Q25429562,https://www.wikidata.org/wiki/Q25429562,1865-12-15T00:00:00Z,1942-04-22T00:00:00Z,2013
Ema de Oliveira,Q107015459,https://www.wikidata.org/wiki/Q107015459,1891-03-02T00:00:00Z,1951-09-03T00:00:00Z,2022
Emiliano Augusto de Bettencourt,Q107003651,https://www.wikidata.org/wiki/Q107003651,1825-11-12T00:00:00Z,1886-06-05T00:00:00Z,1957
Emídio Lino da Silva Júnior,Q10272589,https://www.wikidata.org/wiki/Q10272589,1860-08-10T00:00:00Z,1936-03-31T00:00:00Z,2007
Emília Pomar de Sousa Machado,Q1339829,https://www.wikidata.org/wiki/Q1339829,1857-07-01T00:00:00Z,1944-11-15T00:00:00Z,2015
Emília dos Anjos,Q106241669,https://www.wikidata.org/wiki/Q106241669,1846-05-22T00:00:00Z,1921-07-03T00:00:00Z,1992
Emília dos Santos Braga,Q10272608,https://www.wikidata.org/wiki/Q10272608,1867-02-19T00:00:00Z,1949-12-28T00:00:00Z,2020
Emílio Augusto de Faria Estácio,Q48872849,https://www.wikidata.org/wiki/Q48872849,1854-01-01T00:00:00Z,1919-06-11T00:00:00Z,1990
Emílio Augusto de Faria Estácio,Q48872849,https://www.wikidata.org/wiki/Q48872849,1854-11-09T00:00:00Z,1919-06-11T00:00:00Z,1990
Emílio Biel,Q10272613,https://www.wikidata.org/wiki/Q10272613,1838-09-18T00:00:00Z,1915-09-14T00:00:00Z,1986
Emílio Fragoso,Q10272618,https://www.wikidata.org/wiki/Q10272618,1859-01-01T00:00:00Z,1930-01-01T00:00:00Z,2001
Emílio Martins Costa,Q10272623,https://www.wikidata.org/wiki/Q10272623,1877-02-21T00:00:00Z,1952-02-17T00:00:00Z,2023
Enrique Casanova,Q10273026,https://www.wikidata.org/wiki/Q10273026,1850-01-01T00:00:00Z,1913-01-01T00:00:00Z,1984
Epifânio Dias,Q10273297,https://www.wikidata.org/wiki/Q10273297,1841-04-07T00:00:00Z,1916-11-30T00:00:00Z,1987
Ernesto Cabrita,Q16930064,https://www.wikidata.org/wiki/Q16930064,1856-03-23T00:00:00Z,1928-04-14T00:00:00Z,1999
Ernesto Driesel Schröeter,Q10274049,https://www.wikidata.org/wiki/Q10274049,1849-03-07T00:00:00Z,1942-02-07T00:00:00Z,2013
Ernesto Ferreira,Q10274054,https://www.wikidata.org/wiki/Q10274054,1880-03-23T00:00:00Z,1943-01-04T00:00:00Z,2014
Ernesto Ferreira Condeixa,Q10274053,https://www.wikidata.org/wiki/Q10274053,1858-02-20T00:00:00Z,1933-08-01T00:00:00Z,2004
Ernesto Júlio Navarro,Q10274072,https://www.wikidata.org/wiki/Q10274072,1919-06-29T00:00:00Z,1920-01-15T00:00:00Z,1991
Ernesto Júlio de Carvalho e Vasconcelos,Q10274074,https://www.wikidata.org/wiki/Q10274074,1852-09-17T00:00:00Z,1930-11-15T00:00:00Z,2001
Ernesto Korrodi,Q3057272,https://www.wikidata.org/wiki/Q3057272,1870-01-31T00:00:00Z,1944-02-03T00:00:00Z,2015
Ernesto Madeira Pinto,Q10274079,https://www.wikidata.org/wiki/Q10274079,1846-07-07T00:00:00Z,1921-01-01T00:00:00Z,1992
Ernesto Sardinha,Q106464293,https://www.wikidata.org/wiki/Q106464293,1888-01-01T00:00:00Z,1950-01-01T00:00:00Z,2021
Ernesto Vieira da Rocha,Q10274097,https://www.wikidata.org/wiki/Q10274097,1872-10-18T00:00:00Z,1952-04-16T00:00:00Z,2023
Ernesto de Albuquerque,Q10274096,https://www.wikidata.org/wiki/Q10274096,1883-09-19T00:00:00Z,1940-01-01T00:00:00Z,2011
Ernst Johann Schmitz,Q75326,https://www.wikidata.org/wiki/Q75326,1845-05-18T00:00:00Z,1922-12-03T00:00:00Z,1993
Estevan Perez Froian,Q3733446,https://www.wikidata.org/wiki/Q3733446,1300-01-01T00:00:00Z,1400-01-01T00:00:00Z,1471
Estevão Alencastre,Q7608567,https://www.wikidata.org/wiki/Q7608567,1876-11-03T00:00:00Z,1940-11-09T00:00:00Z,2011
Estevão Pires Coelho,Q786189,https://www.wikidata.org/wiki/Q786189,1290-01-01T00:00:00Z,1336-01-01T00:00:00Z,1407
Estácio Garcia Ultra,Q10276709,https://www.wikidata.org/wiki/Q10276709,1851-02-07T00:00:00Z,1922-03-18T00:00:00Z,1993
Estêvão Amarante,Q25336889,https://www.wikidata.org/wiki/Q25336889,1894-01-09T00:00:00Z,1951-12-06T00:00:00Z,2022
Estêvão Anes de Vasconcelos,Q68862267,https://www.wikidata.org/wiki/Q68862267,1230-01-01T00:00:00Z,1287-08-16T00:00:00Z,1358
Estêvão António Tormenta Pinheiro,Q16930065,https://www.wikidata.org/wiki/Q16930065,1856-08-29T00:00:00Z,1911-04-15T00:00:00Z,1982
Estêvão de Brito (arcebispo),Q42172186,https://www.wikidata.org/wiki/Q42172186,1567-01-01T00:00:00Z,1641-12-02T00:00:00Z,1712
Estêvão de Vasconcelos,Q10277633,https://www.wikidata.org/wiki/Q10277633,1868-11-13T00:00:00Z,1917-05-15T00:00:00Z,1988
Eugénia Mendes de Loureiro Relvas,Q117349197,https://www.wikidata.org/wiki/Q117349197,1865-01-01T00:00:00Z,1951-01-01T00:00:00Z,2022
Eugénia Pereira Rego,Q50384702,https://www.wikidata.org/wiki/Q50384702,1877-05-01T00:00:00Z,1947-08-27T00:00:00Z,2018
Eugénia de Melo Breyner da Câmara,Q138465481,https://www.wikidata.org/wiki/Q138465481,1852-07-12T00:00:00Z,1944-05-01T00:00:00Z,2015
Eugénio Augusto de Oliveira,Q10278164,https://www.wikidata.org/wiki/Q10278164,1852-11-21T00:00:00Z,1920-05-21T00:00:00Z,1991
Eugénio Jalhay,Q106464351,https://www.wikidata.org/wiki/Q106464351,1891-01-01T00:00:00Z,1950-01-01T00:00:00Z,2021
Eugénio Vaz Pacheco do Canto e Castro,Q10278167,https://www.wikidata.org/wiki/Q10278167,1863-11-08T00:00:00Z,1911-07-28T00:00:00Z,1982
Eugénio de Castro,Q1373516,https://www.wikidata.org/wiki/Q1373516,1869-03-04T00:00:00Z,1944-08-17T00:00:00Z,2015
Eugénio do Canto,Q87477495,https://www.wikidata.org/wiki/Q87477495,1836-10-17T00:00:00Z,1915-09-07T00:00:00Z,1986
Eurico Cameira,Q10278264,https://www.wikidata.org/wiki/Q10278264,1883-03-03T00:00:00Z,1936-12-23T00:00:00Z,2007
Eurico de Sampaio Satúrio Pires,Q115484839,https://www.wikidata.org/wiki/Q115484839,1881-01-01T00:00:00Z,1952-01-01T00:00:00Z,2023
Eusébio Leão,Q10278355,https://www.wikidata.org/wiki/Q10278355,1864-02-02T00:00:00Z,1926-11-21T00:00:00Z,1997
Ezequiel Epifânio da Fonseca de Sousa Prego,Q10278952,https://www.wikidata.org/wiki/Q10278952,1855-01-01T00:00:00Z,1922-01-01T00:00:00Z,1993
Ezequiel Pereira,Q10278957,https://www.wikidata.org/wiki/Q10278957,1868-06-15T00:00:00Z,1943-01-01T00:00:00Z,2014
Eça Leal,Q130368916,https://www.wikidata.org/wiki/Q130368916,1848-01-01T00:00:00Z,1914-01-01T00:00:00Z,1985
Fanny Munró,Q101399295,https://www.wikidata.org/wiki/Q101399295,1846-02-10T00:00:00Z,1926-01-01T00:00:00Z,1997
Faustino Moreira dos Santos,Q64734615,https://www.wikidata.org/wiki/Q64734615,1885-01-01T00:00:00Z,1955-01-01T00:00:00Z,2026
Faustino Moreira dos Santos,Q64734615,https://www.wikidata.org/wiki/Q64734615,1885-01-01T00:00:00Z,1955-07-27T00:00:00Z,2026
Faustino Moreira dos Santos,Q64734615,https://www.wikidata.org/wiki/Q64734615,1885-05-29T00:00:00Z,1955-01-01T00:00:00Z,2026
Faustino Moreira dos Santos,Q64734615,https://www.wikidata.org/wiki/Q64734615,1885-05-29T00:00:00Z,1955-07-27T00:00:00Z,2026
Faustino da Fonseca,Q10280314,https://www.wikidata.org/wiki/Q10280314,1871-04-01T00:00:00Z,1918-10-22T00:00:00Z,1989
Fausto Duarte,Q16864868,https://www.wikidata.org/wiki/Q16864868,1903-01-01T00:00:00Z,1953-01-01T00:00:00Z,2024
Fausto Gonçalves,Q110211675,https://www.wikidata.org/wiki/Q110211675,1893-01-01T00:00:00Z,1946-01-01T00:00:00Z,2017
Fausto Guedes Teixeira,Q10280326,https://www.wikidata.org/wiki/Q10280326,1871-10-11T00:00:00Z,1940-07-13T00:00:00Z,2011
Fausto Neves,Q137425997,https://www.wikidata.org/wiki/Q137425997,1890-01-01T00:00:00Z,1955-01-01T00:00:00Z,2026
Fausto Nunes Landeiro,Q59588214,https://www.wikidata.org/wiki/Q59588214,1896-01-01T00:00:00Z,1948-08-27T00:00:00Z,2019
Fausto de Figueiredo,Q16930071,https://www.wikidata.org/wiki/Q16930071,1880-09-17T00:00:00Z,1950-04-05T00:00:00Z,2021
Feio Terenas,Q10280835,https://www.wikidata.org/wiki/Q10280835,1850-11-05T00:00:00Z,1920-01-29T00:00:00Z,1991
Feliciano Mendes,Q118848360,https://www.wikidata.org/wiki/Q118848360,1696-09-05T00:00:00Z,1765-09-23T00:00:00Z,1836
Feliciano Soares,Q115484903,https://www.wikidata.org/wiki/Q115484903,1886-01-01T00:00:00Z,1952-01-01T00:00:00Z,2023
Feliciano da Costa,Q16930072,https://www.wikidata.org/wiki/Q16930072,1884-12-18T00:00:00Z,1929-10-24T00:00:00Z,2000
Felipe Augusto Fidanza,Q10280967,https://www.wikidata.org/wiki/Q10280967,1847-01-01T00:00:00Z,1903-01-20T00:00:00Z,1974
Fernan Froiaz,Q106424424,https://www.wikidata.org/wiki/Q106424424,1300-01-01T00:00:00Z,1300-01-01T00:00:00Z,1371
Fernan Rodriguez Redondo,Q3742843,https://www.wikidata.org/wiki/Q3742843,1300-01-01T00:00:00Z,1400-01-01T00:00:00Z,1471
Fernanda Remartinez,Q117217370,https://www.wikidata.org/wiki/Q117217370,1916-01-01T00:00:00Z,1955-01-01T00:00:00Z,2026
Fernando Augusto Borges,Q10281249,https://www.wikidata.org/wiki/Q10281249,1880-03-16T00:00:00Z,1949-07-30T00:00:00Z,2020
Fernando Augusto Freiria,Q130707674,https://www.wikidata.org/wiki/Q130707674,1877-01-12T00:00:00Z,1955-04-13T00:00:00Z,2026
Fernando Augusto Pereira da Silva,Q10281251,https://www.wikidata.org/wiki/Q10281251,1871-01-13T00:00:00Z,1943-11-03T00:00:00Z,2014
Fernando Augusto da Silva,Q10281253,https://www.wikidata.org/wiki/Q10281253,1863-09-29T00:00:00Z,1949-10-18T00:00:00Z,2020
Fernando Augusto de Lacerda e Mello,Q10281256,https://www.wikidata.org/wiki/Q10281256,1865-08-06T00:00:00Z,1918-08-06T00:00:00Z,1989
Fernando Branco,Q19607866,https://www.wikidata.org/wiki/Q19607866,1880-07-24T00:00:00Z,1940-12-11T00:00:00Z,2011
Fernando Carvalho Mourão,Q110160548,https://www.wikidata.org/wiki/Q110160548,1894-01-01T00:00:00Z,1951-01-01T00:00:00Z,2022
Fernando Correia Dias,Q10281306,https://www.wikidata.org/wiki/Q10281306,1892-11-10T00:00:00Z,1935-11-19T00:00:00Z,2006
Fernando Enes Ulrich,Q10281332,https://www.wikidata.org/wiki/Q10281332,1884-08-29T00:00:00Z,1950-08-01T00:00:00Z,2021
Fernando Joaquim Armas,Q10281381,https://www.wikidata.org/wiki/Q10281381,1865-10-10T00:00:00Z,1931-01-22T00:00:00Z,2002
Fernando José Luís Burnay de Sousa Coutinho,Q10281391,https://www.wikidata.org/wiki/Q10281391,1883-10-19T00:00:00Z,1945-04-11T00:00:00Z,2016
Fernando Magalhães,Q3069492,https://www.wikidata.org/wiki/Q3069492,1878-02-18T00:00:00Z,1944-01-10T00:00:00Z,2015
Fernando Matoso dos Santos,Q10281441,https://www.wikidata.org/wiki/Q10281441,1849-01-01T00:00:00Z,1921-04-22T00:00:00Z,1992
Fernando Mouzinho de Albuquerque,Q10281459,https://www.wikidata.org/wiki/Q10281459,1874-03-23T00:00:00Z,1942-01-25T00:00:00Z,2013
Fernando Pais Teles de Utra Machado,Q10281476,https://www.wikidata.org/wiki/Q10281476,1882-05-01T00:00:00Z,1949-09-25T00:00:00Z,2020
Fernando Pais de Figueiredo,Q124736719,https://www.wikidata.org/wiki/Q124736719,1882-05-02T00:00:00Z,1947-12-04T00:00:00Z,2018
Fernando Pessoa,Q173481,https://www.wikidata.org/wiki/Q173481,1888-06-13T00:00:00Z,1935-11-30T00:00:00Z,2006
Fernando Rodrigues de Siqueira,Q125462468,https://www.wikidata.org/wiki/Q125462468,1350-01-01T00:00:00Z,1433-09-09T00:00:00Z,1504
Fernando da Fonseca Mesquita e Sola,Q131283073,https://www.wikidata.org/wiki/Q131283073,1795-07-01T00:00:00Z,1857-12-14T00:00:00Z,1928
Fernando de Almeida Loureiro e Vasconcelos,Q23778036,https://www.wikidata.org/wiki/Q23778036,1874-03-26T00:00:00Z,1944-11-02T00:00:00Z,2015
Fernando de Castelo Branco,Q21290124,https://www.wikidata.org/wiki/Q21290124,1852-05-02T00:00:00Z,1920-08-09T00:00:00Z,1991
Fernando de Castro da Silva Canedo,Q23777991,https://www.wikidata.org/wiki/Q23777991,1886-03-24T00:00:00Z,1954-02-06T00:00:00Z,2025
Fernando de Eça,Q6028966,https://www.wikidata.org/wiki/Q6028966,1378-01-01T00:00:00Z,1460-01-01T00:00:00Z,1531
Fernando de Mascarenhas,Q5444989,https://www.wikidata.org/wiki/Q5444989,1610-01-01T00:00:00Z,1651-08-09T00:00:00Z,1722
"Fernando de Meneses, 2.º Marquês de Vila Real",Q10281569,https://www.wikidata.org/wiki/Q10281569,1463-01-01T00:00:00Z,1523-01-01T00:00:00Z,1594
Fernando de Menezes Vaz,Q131467305,https://www.wikidata.org/wiki/Q131467305,1884-01-01T00:00:00Z,1954-01-01T00:00:00Z,2025
Fernando Álvaro Seco,Q10281587,https://www.wikidata.org/wiki/Q10281587,1550-01-01T00:00:00Z,1585-01-01T00:00:00Z,1656
Fernão Botto Machado,Q117356543,https://www.wikidata.org/wiki/Q117356543,1865-01-01T00:00:00Z,1924-01-01T00:00:00Z,1995
Fernão Botto Machado,Q117356543,https://www.wikidata.org/wiki/Q117356543,1865-01-01T00:00:00Z,1924-11-03T00:00:00Z,1995
Fernão Botto Machado,Q117356543,https://www.wikidata.org/wiki/Q117356543,1865-07-20T00:00:00Z,1924-01-01T00:00:00Z,1995
Fernão Botto Machado,Q117356543,https://www.wikidata.org/wiki/Q117356543,1865-07-20T00:00:00Z,1924-11-03T00:00:00Z,1995
Fernão Rodrigues de Calheiros,Q100327767,https://www.wikidata.org/wiki/Q100327767,1200-01-01T00:00:00Z,1300-01-01T00:00:00Z,1371
Fialho de Almeida,Q977731,https://www.wikidata.org/wiki/Q977731,1857-05-07T00:00:00Z,1911-03-04T00:00:00Z,1982
Fiel da Fonseca Viterbo,Q85871927,https://www.wikidata.org/wiki/Q85871927,1873-01-01T00:00:00Z,1954-04-18T00:00:00Z,2025
Filinto de Almeida,Q2917461,https://www.wikidata.org/wiki/Q2917461,1857-12-04T00:00:00Z,1945-01-28T00:00:00Z,2016
Filipa de Almada,Q20747517,https://www.wikidata.org/wiki/Q20747517,1500-01-01T00:00:00Z,1493-01-01T00:00:00Z,1564
Filipe da Mata,Q16930081,https://www.wikidata.org/wiki/Q16930081,1853-08-15T00:00:00Z,1924-10-25T00:00:00Z,1995
Filomena Gabriela Correia Brandão Henriques de Noronha,Q10282357,https://www.wikidata.org/wiki/Q10282357,1839-03-18T00:00:00Z,1925-08-09T00:00:00Z,1996
Filomena Serpa,Q10282361,https://www.wikidata.org/wiki/Q10282361,1861-08-08T00:00:00Z,1930-09-17T00:00:00Z,2001
Filomeno da Câmara Melo Cabral,Q10282363,https://www.wikidata.org/wiki/Q10282363,1844-07-18T00:00:00Z,1921-01-23T00:00:00Z,1992
Filomeno da Câmara de Melo Cabral,Q1146268,https://www.wikidata.org/wiki/Q1146268,1873-02-10T00:00:00Z,1934-01-27T00:00:00Z,2005
Florbela Espanca,Q467179,https://www.wikidata.org/wiki/Q467179,1894-12-08T00:00:00Z,1930-12-08T00:00:00Z,2001
Florêncio Terra,Q10282959,https://www.wikidata.org/wiki/Q10282959,1858-05-18T00:00:00Z,1941-11-25T00:00:00Z,2012
Flávio Rodrigues da Silva,Q10283100,https://www.wikidata.org/wiki/Q10283100,1902-01-01T00:00:00Z,1950-01-01T00:00:00Z,2021
Flórido Rodrigues Pereira Ferraz,Q131300239,https://www.wikidata.org/wiki/Q131300239,1790-01-13T00:00:00Z,1862-12-17T00:00:00Z,1933
Fonseca Lima,Q10283277,https://www.wikidata.org/wiki/Q10283277,1874-01-01T00:00:00Z,1945-09-02T00:00:00Z,2016
Fortunato de Almeida,Q10284279,https://www.wikidata.org/wiki/Q10284279,1869-04-15T00:00:00Z,1933-09-27T00:00:00Z,2004
Fortunato de São Boaventura,Q10284280,https://www.wikidata.org/wiki/Q10284280,1777-04-30T00:00:00Z,1844-12-06T00:00:00Z,1915
Francisca Cordélia de Sousa,Q65166183,https://www.wikidata.org/wiki/Q65166183,1781-03-29T00:00:00Z,1845-01-01T00:00:00Z,1916
Francisca Josefa de Bragança,Q4762303,https://www.wikidata.org/wiki/Q4762303,1699-01-30T00:00:00Z,1736-07-15T00:00:00Z,1807
Francisca de Almeida Furtado,Q70784861,https://www.wikidata.org/wiki/Q70784861,1826-10-04T00:00:00Z,1918-03-12T00:00:00Z,1989
Francisco Adolfo Celestino Soares,Q131005239,https://www.wikidata.org/wiki/Q131005239,1842-08-14T00:00:00Z,1891-02-27T00:00:00Z,1962
Francisco Adolfo Coelho,Q5483069,https://www.wikidata.org/wiki/Q5483069,1847-01-15T00:00:00Z,1919-02-09T00:00:00Z,1990
Francisco Afonso Chaves,Q16930085,https://www.wikidata.org/wiki/Q16930085,1857-01-24T00:00:00Z,1926-07-23T00:00:00Z,1997
Francisco Alberto da Costa Cabral,Q16930087,https://www.wikidata.org/wiki/Q16930087,1879-11-19T00:00:00Z,1946-09-15T00:00:00Z,2017
"Francisco Alves Machado, Conde de Agarez",Q10284572,https://www.wikidata.org/wiki/Q10284572,1853-12-08T00:00:00Z,1918-01-01T00:00:00Z,1989
Francisco António Ciera,Q17318183,https://www.wikidata.org/wiki/Q17318183,1763-06-15T00:00:00Z,1814-04-06T00:00:00Z,1885
Francisco António Correira,Q131427020,https://www.wikidata.org/wiki/Q131427020,1877-11-09T00:00:00Z,1938-02-08T00:00:00Z,2009
Francisco António Ochôa,Q10284587,https://www.wikidata.org/wiki/Q10284587,1839-03-04T00:00:00Z,1912-12-22T00:00:00Z,1983
Francisco Augusto Flamengo,Q10284616,https://www.wikidata.org/wiki/Q10284616,1852-02-07T00:00:00Z,1915-02-08T00:00:00Z,1986
Francisco Augusto da Costa Martins,Q10284619,https://www.wikidata.org/wiki/Q10284619,1858-10-04T00:00:00Z,1938-04-18T00:00:00Z,2009
Francisco Augusto de Oliveira Feijão,Q24680620,https://www.wikidata.org/wiki/Q24680620,1850-11-24T00:00:00Z,1918-11-11T00:00:00Z,1989
Francisco Barahona,Q131934345,https://www.wikidata.org/wiki/Q131934345,1843-10-07T00:00:00Z,1905-01-25T00:00:00Z,1976
Francisco Barreira,Q26256226,https://www.wikidata.org/wiki/Q26256226,1873-05-08T00:00:00Z,1920-03-14T00:00:00Z,1991
"Francisco Benedito de Sousa Lencastre e Noronha, Marquês das Minas",Q10284633,https://www.wikidata.org/wiki/Q10284633,1780-11-08T00:00:00Z,1796-12-06T00:00:00Z,1867
"Francisco Benedito de Sousa Lencastre e Noronha, Marquês das Minas",Q10284633,https://www.wikidata.org/wiki/Q10284633,1780-11-08T00:00:00Z,1808-01-01T00:00:00Z,1879
"Francisco Benedito de Sousa Lencastre e Noronha, Marquês das Minas",Q10284633,https://www.wikidata.org/wiki/Q10284633,1780-11-08T00:00:00Z,1808-09-20T00:00:00Z,1879
Francisco Bernardo do Canto,Q48879224,https://www.wikidata.org/wiki/Q48879224,1873-03-23T00:00:00Z,1949-10-16T00:00:00Z,2020
Francisco Borges da Silva,Q123555984,https://www.wikidata.org/wiki/Q123555984,1786-05-10T00:00:00Z,1820-11-25T00:00:00Z,1891
Francisco Caupers Machado de Faria e Maia,Q10284691,https://www.wikidata.org/wiki/Q10284691,1841-05-24T00:00:00Z,1923-04-15T00:00:00Z,1994
Francisco Correia de Herédia,Q10284707,https://www.wikidata.org/wiki/Q10284707,1852-04-02T00:00:00Z,1918-10-16T00:00:00Z,1989
Francisco Couceiro da Costa,Q10284710,https://www.wikidata.org/wiki/Q10284710,1870-09-12T00:00:00Z,1925-04-21T00:00:00Z,1996
"Francisco Coutinho, 3.º Conde de Redondo",Q10284712,https://www.wikidata.org/wiki/Q10284712,1517-01-01T00:00:00Z,1564-02-19T00:00:00Z,1635
Francisco Duarte de Almeida Araújo,Q10284732,https://www.wikidata.org/wiki/Q10284732,1816-10-10T00:00:00Z,1877-01-01T00:00:00Z,1948
Francisco Elias,Q10284740,https://www.wikidata.org/wiki/Q10284740,1869-01-01T00:00:00Z,1937-01-01T00:00:00Z,2008
Francisco Felisberto Dias Costa,Q106963384,https://www.wikidata.org/wiki/Q106963384,1853-02-09T00:00:00Z,1913-03-15T00:00:00Z,1984
Francisco Fernandes Costa,Q357932,https://www.wikidata.org/wiki/Q357932,1867-04-19T00:00:00Z,1925-07-19T00:00:00Z,1996
Francisco Fernandes Rosa Falcão,Q116301513,https://www.wikidata.org/wiki/Q116301513,1879-01-04T00:00:00Z,1931-07-14T00:00:00Z,2002
Francisco Ferreira da Silva,Q64747952,https://www.wikidata.org/wiki/Q64747952,1852-01-26T00:00:00Z,1920-05-09T00:00:00Z,1991
Francisco Franco,Q1003437,https://www.wikidata.org/wiki/Q1003437,1885-10-09T00:00:00Z,1955-02-15T00:00:00Z,2026
Francisco Frias de Mesquita,Q10284774,https://www.wikidata.org/wiki/Q10284774,1578-01-01T00:00:00Z,1645-01-01T00:00:00Z,1716
Francisco Furtado,Q45488861,https://www.wikidata.org/wiki/Q45488861,1587-01-01T00:00:00Z,1653-11-21T00:00:00Z,1724
Francisco Furtado,Q45488861,https://www.wikidata.org/wiki/Q45488861,1589-01-01T00:00:00Z,1653-11-21T00:00:00Z,1724
Francisco Gomes Teixeira,Q3815565,https://www.wikidata.org/wiki/Q3815565,1851-01-28T00:00:00Z,1933-02-08T00:00:00Z,2004
Francisco Joaquim Béthencourt da Silva,Q10284839,https://www.wikidata.org/wiki/Q10284839,1831-05-08T00:00:00Z,1911-01-01T00:00:00Z,1982
Francisco Joaquim Fernandes,Q134355644,https://www.wikidata.org/wiki/Q134355644,1869-01-01T00:00:00Z,1923-01-01T00:00:00Z,1994
Francisco Joaquim Ferreira do Amaral,Q320987,https://www.wikidata.org/wiki/Q320987,1844-06-11T00:00:00Z,1923-08-11T00:00:00Z,1994
Francisco José Coutinho,Q110745975,https://www.wikidata.org/wiki/Q110745975,1680-10-21T00:00:00Z,1724-02-13T00:00:00Z,1795
Francisco José Lahmeyer Bugalho,Q22911750,https://www.wikidata.org/wiki/Q22911750,1905-07-26T00:00:00Z,1949-01-29T00:00:00Z,2020
Francisco José Patrício,Q99857319,https://www.wikidata.org/wiki/Q99857319,1850-01-01T00:00:00Z,1911-04-07T00:00:00Z,1982
Francisco José Ribeiro de Vieira e Brito,Q10284863,https://www.wikidata.org/wiki/Q10284863,1850-06-06T00:00:00Z,1935-07-12T00:00:00Z,2006
Francisco José da Rocha Martins,Q10284878,https://www.wikidata.org/wiki/Q10284878,1879-01-01T00:00:00Z,1952-01-01T00:00:00Z,2023
Francisco José de Bragança,Q1895713,https://www.wikidata.org/wiki/Q1895713,1879-09-07T00:00:00Z,1919-06-15T00:00:00Z,1990
Francisco Lopes de Calheiros e Meneses,Q10284929,https://www.wikidata.org/wiki/Q10284929,1856-04-12T00:00:00Z,1929-03-02T00:00:00Z,2000
Francisco Lupi,Q5483603,https://www.wikidata.org/wiki/Q5483603,1920-03-06T00:00:00Z,1954-01-01T00:00:00Z,2025
Francisco Luís,Q30939129,https://www.wikidata.org/wiki/Q30939129,1700-01-01T00:00:00Z,1693-09-27T00:00:00Z,1764
Francisco Luís Pereira de Sousa,Q47318403,https://www.wikidata.org/wiki/Q47318403,1870-09-22T00:00:00Z,1931-09-25T00:00:00Z,2002
Francisco Luís Ramos,Q131583446,https://www.wikidata.org/wiki/Q131583446,1868-01-01T00:00:00Z,1931-01-01T00:00:00Z,2002
Francisco Lázaro,Q443027,https://www.wikidata.org/wiki/Q443027,1888-01-21T00:00:00Z,1912-07-15T00:00:00Z,1983
Francisco Lázaro,Q443027,https://www.wikidata.org/wiki/Q443027,1889-10-10T00:00:00Z,1912-07-15T00:00:00Z,1983
Francisco Lázaro,Q443027,https://www.wikidata.org/wiki/Q443027,1891-01-08T00:00:00Z,1912-07-15T00:00:00Z,1983
Francisco Lázaro,Q443027,https://www.wikidata.org/wiki/Q443027,1891-01-21T00:00:00Z,1912-07-15T00:00:00Z,1983
Francisco Manuel Homem Cristo,Q10284956,https://www.wikidata.org/wiki/Q10284956,1860-03-08T00:00:00Z,1943-02-25T00:00:00Z,2014
Francisco Manuel Pereira Coelho,Q123478978,https://www.wikidata.org/wiki/Q123478978,1882-01-01T00:00:00Z,1924-07-16T00:00:00Z,1995
Francisco Manuel de Oliveira Carvalho,Q10284966,https://www.wikidata.org/wiki/Q10284966,1866-07-29T00:00:00Z,1912-05-18T00:00:00Z,1983
Francisco Manuel Álvares Botelho,Q136697996,https://www.wikidata.org/wiki/Q136697996,1803-01-22T00:00:00Z,1875-01-01T00:00:00Z,1946
Francisco Maria Esteves Pereira,Q55838258,https://www.wikidata.org/wiki/Q55838258,1854-08-09T00:00:00Z,1924-12-09T00:00:00Z,1995
Francisco Maria Supico,Q10284983,https://www.wikidata.org/wiki/Q10284983,1830-11-01T00:00:00Z,1911-08-20T00:00:00Z,1982
Francisco Marques de Sousa Viterbo,Q966568,https://www.wikidata.org/wiki/Q966568,1845-12-29T00:00:00Z,1910-12-29T00:00:00Z,1981
Francisco Marto,Q1442116,https://www.wikidata.org/wiki/Q1442116,1908-06-11T00:00:00Z,1919-04-04T00:00:00Z,1990
Francisco Maximiliano de Sousa,Q106545417,https://www.wikidata.org/wiki/Q106545417,1775-08-15T00:00:00Z,1835-09-28T00:00:00Z,1906
Francisco Mayer Garção,Q78951212,https://www.wikidata.org/wiki/Q78951212,1872-01-01T00:00:00Z,1930-01-01T00:00:00Z,2001
Francisco Mayer Garção,Q78951212,https://www.wikidata.org/wiki/Q78951212,1872-01-01T00:00:00Z,1930-08-04T00:00:00Z,2001
Francisco Mayer Garção,Q78951212,https://www.wikidata.org/wiki/Q78951212,1872-02-18T00:00:00Z,1930-01-01T00:00:00Z,2001
Francisco Mayer Garção,Q78951212,https://www.wikidata.org/wiki/Q78951212,1872-02-18T00:00:00Z,1930-08-04T00:00:00Z,2001
Francisco Mendonça de Carvalho,Q106887548,https://www.wikidata.org/wiki/Q106887548,1882-12-07T00:00:00Z,1953-05-31T00:00:00Z,2024
Francisco Miranda da Costa Lobo,Q33125413,https://www.wikidata.org/wiki/Q33125413,1864-02-18T00:00:00Z,1945-04-29T00:00:00Z,2016
Francisco Moreira Freire Correia Manoel Torres de Aboim,Q10285018,https://www.wikidata.org/wiki/Q10285018,1854-12-06T00:00:00Z,1919-03-22T00:00:00Z,1990
Francisco Nunes da Rosa,Q10285038,https://www.wikidata.org/wiki/Q10285038,1871-03-22T00:00:00Z,1946-09-13T00:00:00Z,2017
Francisco Pastor Muntó,Q10285048,https://www.wikidata.org/wiki/Q10285048,1850-05-18T00:00:00Z,1922-05-10T00:00:00Z,1993
Francisco Pedro Celestino Soares,Q130744286,https://www.wikidata.org/wiki/Q130744286,1791-09-10T00:00:00Z,1873-02-09T00:00:00Z,1944
Francisco Pereira Lopes de Bettencourt Ataíde,Q10285068,https://www.wikidata.org/wiki/Q10285068,1836-09-07T00:00:00Z,1917-01-18T00:00:00Z,1988
Francisco Pereira de Sequeira,Q115485601,https://www.wikidata.org/wiki/Q115485601,1893-01-01T00:00:00Z,1952-01-01T00:00:00Z,2023
Francisco Pinto Balsemão,Q131786562,https://www.wikidata.org/wiki/Q131786562,1855-11-18T00:00:00Z,1912-04-10T00:00:00Z,1983
Francisco Ramos Coelho de Sá,Q115486163,https://www.wikidata.org/wiki/Q115486163,1865-12-06T00:00:00Z,1952-01-20T00:00:00Z,2023
Francisco Raposo de Oliveira,Q10285107,https://www.wikidata.org/wiki/Q10285107,1881-01-08T00:00:00Z,1933-01-17T00:00:00Z,2004
Francisco Rego Chaves,Q10285110,https://www.wikidata.org/wiki/Q10285110,1881-09-19T00:00:00Z,1941-02-06T00:00:00Z,2012
Francisco Roberto da Silva Ferrão de Carvalho Martens,Q16144235,https://www.wikidata.org/wiki/Q16144235,1860-11-05T00:00:00Z,1928-03-28T00:00:00Z,1999
Francisco Rodrigues Tenório,Q63168280,https://www.wikidata.org/wiki/Q63168280,1843-01-01T00:00:00Z,1907-05-14T00:00:00Z,1978
Francisco Rodrigues da Cruz,Q10285136,https://www.wikidata.org/wiki/Q10285136,1859-07-29T00:00:00Z,1948-10-01T00:00:00Z,2019
Francisco Serrano,Q10285153,https://www.wikidata.org/wiki/Q10285153,1862-08-20T00:00:00Z,1941-10-27T00:00:00Z,2012
Francisco Soares,Q110133908,https://www.wikidata.org/wiki/Q110133908,1605-01-01T00:00:00Z,1659-01-19T00:00:00Z,1730
Francisco Soares de Lacerda Machado,Q10285164,https://www.wikidata.org/wiki/Q10285164,1870-01-29T00:00:00Z,1955-08-26T00:00:00Z,2026
Francisco Stromp,Q4444229,https://www.wikidata.org/wiki/Q4444229,1892-05-21T00:00:00Z,1930-07-01T00:00:00Z,2001
Francisco Torrinha,Q10285181,https://www.wikidata.org/wiki/Q10285181,1879-05-01T00:00:00Z,1955-10-16T00:00:00Z,2026
Francisco Vaz Pereira Pinto Guedes,Q131765959,https://www.wikidata.org/wiki/Q131765959,1814-02-18T00:00:00Z,1835-02-26T00:00:00Z,1906
Francisco Veiga Beirão,Q1392575,https://www.wikidata.org/wiki/Q1392575,1841-07-24T00:00:00Z,1916-11-11T00:00:00Z,1987
Francisco Velhinho Correia,Q10285191,https://www.wikidata.org/wiki/Q10285191,1882-10-06T00:00:00Z,1943-10-22T00:00:00Z,2014
Francisco Viana,Q5484033,https://www.wikidata.org/wiki/Q5484033,1895-01-01T00:00:00Z,1945-01-01T00:00:00Z,2016
Francisco Vicente Ramos,Q10285192,https://www.wikidata.org/wiki/Q10285192,1860-11-18T00:00:00Z,1930-05-11T00:00:00Z,2001
Francisco Vieira,Q10285199,https://www.wikidata.org/wiki/Q10285199,1863-09-01T00:00:00Z,1947-03-18T00:00:00Z,2018
Francisco Vilaça,Q133108891,https://www.wikidata.org/wiki/Q133108891,1850-01-01T00:00:00Z,1915-01-01T00:00:00Z,1986
Francisco Vito de Mendonça Corte-Real,Q10285207,https://www.wikidata.org/wiki/Q10285207,1876-05-09T00:00:00Z,1943-04-30T00:00:00Z,2014
Francisco Wolfgango da Silva,Q10285213,https://www.wikidata.org/wiki/Q10285213,1864-07-18T00:00:00Z,1947-12-12T00:00:00Z,2018
Francisco Xara,Q131467338,https://www.wikidata.org/wiki/Q131467338,1882-01-01T00:00:00Z,1954-01-01T00:00:00Z,2025
Francisco Xavier Cândido Guerreiro,Q10285219,https://www.wikidata.org/wiki/Q10285219,1871-12-03T00:00:00Z,1953-04-11T00:00:00Z,2024
Francisco Xavier Esteves,Q10285222,https://www.wikidata.org/wiki/Q10285222,1864-01-01T00:00:00Z,1944-01-01T00:00:00Z,2015
Francisco Xavier Peres Trancoso,Q116048550,https://www.wikidata.org/wiki/Q116048550,1877-02-09T00:00:00Z,1952-02-05T00:00:00Z,2023
Francisco Xavier da Silva Teles,Q10285244,https://www.wikidata.org/wiki/Q10285244,1860-01-01T00:00:00Z,1930-01-01T00:00:00Z,2001
Francisco Xavier da Silva Teles,Q10285244,https://www.wikidata.org/wiki/Q10285244,1860-01-01T00:00:00Z,1930-05-21T00:00:00Z,2001
Francisco Xavier da Silva Teles,Q10285244,https://www.wikidata.org/wiki/Q10285244,1860-09-02T00:00:00Z,1930-01-01T00:00:00Z,2001
Francisco Xavier da Silva Teles,Q10285244,https://www.wikidata.org/wiki/Q10285244,1860-09-02T00:00:00Z,1930-05-21T00:00:00Z,2001
Francisco Xavier de Brito,Q10285249,https://www.wikidata.org/wiki/Q10285249,http://www.wikidata.org/.well-known/genid/30f91089cd91489c64d12cf1ad7670f9,1751-12-24T00:00:00Z,1822
Francisco d'Andrade,Q453717,https://www.wikidata.org/wiki/Q453717,1859-01-11T00:00:00Z,1921-02-08T00:00:00Z,1992
Francisco da Fonseca Benevides,Q55837438,https://www.wikidata.org/wiki/Q55837438,1835-01-01T00:00:00Z,1911-01-01T00:00:00Z,1982
Francisco da Mãe dos Homens Anes de Carvalho,Q10285273,https://www.wikidata.org/wiki/Q10285273,http://www.wikidata.org/.well-known/genid/b0e870978a7347cd6d980ee01d71e73a,1859-12-03T00:00:00Z,1930
Francisco da Silva Gouveia,Q8962586,https://www.wikidata.org/wiki/Q8962586,1872-08-12T00:00:00Z,1951-12-28T00:00:00Z,2022
Francisco de Albuquerque Mesquita e Castro,Q10285298,https://www.wikidata.org/wiki/Q10285298,1841-04-08T00:00:00Z,1928-08-21T00:00:00Z,1999
Francisco de Almeida Grandella,Q10285303,https://www.wikidata.org/wiki/Q10285303,1853-06-23T00:00:00Z,1934-09-20T00:00:00Z,2005
Francisco de Almeida e Brito,Q10285306,https://www.wikidata.org/wiki/Q10285306,1857-01-16T00:00:00Z,1918-12-12T00:00:00Z,1989
Francisco de Andrade Sequeira,Q136658552,https://www.wikidata.org/wiki/Q136658552,1877-01-01T00:00:00Z,1955-01-01T00:00:00Z,2026
Francisco de Azeredo Teixeira de Aguilar,Q20045779,https://www.wikidata.org/wiki/Q20045779,1828-07-16T00:00:00Z,1918-01-01T00:00:00Z,1989
Francisco de Azevedo Cabral,Q10285333,https://www.wikidata.org/wiki/Q10285333,1828-07-21T00:00:00Z,1917-12-31T00:00:00Z,1988
Francisco de Bivar Weinholtz,Q139884918,https://www.wikidata.org/wiki/Q139884918,1860-01-01T00:00:00Z,1940-11-16T00:00:00Z,2011
Francisco de Campos de Castro de Azevedo Soares,Q51883030,https://www.wikidata.org/wiki/Q51883030,1857-06-14T00:00:00Z,1928-08-01T00:00:00Z,1999
Francisco de Freitas Gazul,Q10285362,https://www.wikidata.org/wiki/Q10285362,1842-09-30T00:00:00Z,1925-10-20T00:00:00Z,1996
Francisco de Lacerda,Q3026374,https://www.wikidata.org/wiki/Q3026374,1869-05-11T00:00:00Z,1934-07-18T00:00:00Z,2005
Francisco de Melo e Noronha,Q124025885,https://www.wikidata.org/wiki/Q124025885,1863-01-01T00:00:00Z,1953-01-01T00:00:00Z,2024
Francisco de Mendonça Pacheco e Melo,Q10285375,https://www.wikidata.org/wiki/Q10285375,1857-04-27T00:00:00Z,1931-01-27T00:00:00Z,2002
Francisco de Meneses Meireles do Canto e Castro,Q10285379,https://www.wikidata.org/wiki/Q10285379,1850-11-21T00:00:00Z,1915-03-07T00:00:00Z,1986
Francisco de Oliveira Chamiço,Q23771080,https://www.wikidata.org/wiki/Q23771080,1819-02-24T00:00:00Z,1888-03-21T00:00:00Z,1959
Francisco de Paula Borba,Q10285396,https://www.wikidata.org/wiki/Q10285396,1873-03-24T00:00:00Z,1934-09-26T00:00:00Z,2005
Francisco de Paula Homem da Costa Noronha,Q97104499,https://www.wikidata.org/wiki/Q97104499,1867-11-17T00:00:00Z,1953-02-20T00:00:00Z,2024
Francisco de Paula de Aguiar Ottolini,Q131311138,https://www.wikidata.org/wiki/Q131311138,1796-01-24T00:00:00Z,1855-05-16T00:00:00Z,1926
Francisco de Paula de Albuquerque do Amaral Cardoso,Q10285429,https://www.wikidata.org/wiki/Q10285429,1759-10-25T00:00:00Z,1807-12-28T00:00:00Z,1878
"Francisco de Portugal, 1.º Conde de Vimioso",Q8962636,https://www.wikidata.org/wiki/Q8962636,1480-01-01T00:00:00Z,1549-01-01T00:00:00Z,1620
Francisco de Santa Maria,Q55998467,https://www.wikidata.org/wiki/Q55998467,1653-01-01T00:00:00Z,1713-01-01T00:00:00Z,1784
Francisco dos Santos,Q10285485,https://www.wikidata.org/wiki/Q10285485,1878-10-22T00:00:00Z,1930-06-27T00:00:00Z,2001
Frederico Alexandrino Garcia Ramirez,Q10285748,https://www.wikidata.org/wiki/Q10285748,1869-01-01T00:00:00Z,1935-10-30T00:00:00Z,2006
Frederico Augusto Lopes da Silva,Q10285752,https://www.wikidata.org/wiki/Q10285752,1863-12-01T00:00:00Z,1941-12-31T00:00:00Z,2012
Frederico Augusto Torres,Q139086561,https://www.wikidata.org/wiki/Q139086561,1837-07-07T00:00:00Z,1903-09-30T00:00:00Z,1974
Frederico Daupias,Q109334913,https://www.wikidata.org/wiki/Q109334913,1839-01-01T00:00:00Z,1928-01-01T00:00:00Z,1999
Frederico Ferreira de Simas,Q10285776,https://www.wikidata.org/wiki/Q10285776,1872-05-11T00:00:00Z,1945-10-07T00:00:00Z,2016
Frederico Gavazzo Perry Vidal,Q104629527,https://www.wikidata.org/wiki/Q104629527,1889-01-01T00:00:00Z,1953-01-01T00:00:00Z,2024
Frederico Nascimento,Q10285807,https://www.wikidata.org/wiki/Q10285807,1852-12-18T00:00:00Z,1924-06-12T00:00:00Z,1995
Frederico Ressano Garcia,Q10285811,https://www.wikidata.org/wiki/Q10285811,1847-11-12T00:00:00Z,1911-08-27T00:00:00Z,1982
Frei Joaquim do Rosário,Q10285888,https://www.wikidata.org/wiki/Q10285888,1746-09-16T00:00:00Z,1808-09-08T00:00:00Z,1879
Frei José Marques e Silva,Q28466371,https://www.wikidata.org/wiki/Q28466371,1778-01-01T00:00:00Z,1837-02-05T00:00:00Z,1908
Frei Manuel dos Reis,Q20046002,https://www.wikidata.org/wiki/Q20046002,1634-01-01T00:00:00Z,1699-01-01T00:00:00Z,1770
Froilano de Mello,Q5505329,https://www.wikidata.org/wiki/Q5505329,1887-05-17T00:00:00Z,1955-01-09T00:00:00Z,2026
Félix José da Costa Sotto Mayor,Q10287041,https://www.wikidata.org/wiki/Q10287041,1853-02-17T00:00:00Z,1927-06-09T00:00:00Z,1998
Gabriel Pereira,Q10287883,https://www.wikidata.org/wiki/Q10287883,1847-03-07T00:00:00Z,1911-12-06T00:00:00Z,1982
Ganga Zumba,Q2872507,https://www.wikidata.org/wiki/Q2872507,1630-01-01T00:00:00Z,1678-01-01T00:00:00Z,1749
Gaspar Lobo de Sousa Machado e Couros,Q86725653,https://www.wikidata.org/wiki/Q86725653,1842-09-15T00:00:00Z,1920-11-19T00:00:00Z,1991
Gaspar Pinto de Magalhães e Aguiar,Q10288442,https://www.wikidata.org/wiki/Q10288442,1831-10-16T00:00:00Z,1922-01-26T00:00:00Z,1993
Gaspar Vilela,Q11295956,https://www.wikidata.org/wiki/Q11295956,1525-01-01T00:00:00Z,1572-01-01T00:00:00Z,1643
Gaspar Vilela,Q11295956,https://www.wikidata.org/wiki/Q11295956,1526-01-01T00:00:00Z,1572-01-01T00:00:00Z,1643
Gastão Sousa Dias,Q97774397,https://www.wikidata.org/wiki/Q97774397,1887-01-01T00:00:00Z,1955-01-01T00:00:00Z,2026
Gaudêncio Eduardo Carneiro,Q10288515,https://www.wikidata.org/wiki/Q10288515,1847-01-01T00:00:00Z,1925-01-01T00:00:00Z,1996
George Edward Pereira,Q5543331,https://www.wikidata.org/wiki/Q5543331,1865-01-26T00:00:00Z,1923-10-20T00:00:00Z,1994
Georgina Ribas,Q106378586,https://www.wikidata.org/wiki/Q106378586,1882-04-22T00:00:00Z,1951-05-04T00:00:00Z,2022
Geraldino Baltazar da Silva Brites,Q51882953,https://www.wikidata.org/wiki/Q51882953,1882-07-25T00:00:00Z,1941-08-23T00:00:00Z,2012
Germano Lopes Martins,Q130278249,https://www.wikidata.org/wiki/Q130278249,1871-01-07T00:00:00Z,1950-06-21T00:00:00Z,2021
Gervásio Lima,Q10289281,https://www.wikidata.org/wiki/Q10289281,1876-03-26T00:00:00Z,1945-02-24T00:00:00Z,2016
Gil Montalverne de Sequeira,Q10289512,https://www.wikidata.org/wiki/Q10289512,1859-06-27T00:00:00Z,1931-11-10T00:00:00Z,2002
Giovanni Vincenzo Casali,Q3768363,https://www.wikidata.org/wiki/Q3768363,1539-01-01T00:00:00Z,1593-12-21T00:00:00Z,1664
Gomes Echigues,Q10290457,https://www.wikidata.org/wiki/Q10290457,1010-01-01T00:00:00Z,1065-01-01T00:00:00Z,1136
Gomes de Brito,Q104099640,https://www.wikidata.org/wiki/Q104099640,1843-01-01T00:00:00Z,1923-01-01T00:00:00Z,1994
Gonçalo Eanes do Vinhal,Q3773337,https://www.wikidata.org/wiki/Q3773337,http://www.wikidata.org/.well-known/genid/f77c209f363cee265cc2f6a6dc9f8475,1285-01-01T00:00:00Z,1356
Gonçalo Pereira Pimenta de Castro,Q1537438,https://www.wikidata.org/wiki/Q1537438,1868-01-01T00:00:00Z,1952-01-01T00:00:00Z,2023
Gonçalo Pereira da Silva de Sousa e Meneses,Q85420795,https://www.wikidata.org/wiki/Q85420795,1851-12-28T00:00:00Z,1929-06-17T00:00:00Z,2000
Gonçalo Pinheiro,Q23770619,https://www.wikidata.org/wiki/Q23770619,1499-01-01T00:00:00Z,1567-11-01T00:00:00Z,1638
Gonçalo Sampaio,Q459037,https://www.wikidata.org/wiki/Q459037,1865-03-29T00:00:00Z,1937-07-27T00:00:00Z,2008
Gonçalo Trastamires da Maia,Q3021917,https://www.wikidata.org/wiki/Q3021917,1000-01-01T00:00:00Z,1039-09-01T00:00:00Z,1110
Gonçalo Viegas de Marnel,Q10290619,https://www.wikidata.org/wiki/Q10290619,1000-01-01T00:00:00Z,1100-01-01T00:00:00Z,1171
Gonçalo Xavier de Almeida Garrett,Q10290623,https://www.wikidata.org/wiki/Q10290623,1841-12-30T00:00:00Z,1925-01-10T00:00:00Z,1996
Gonçalo de Reparaz Rodrígues,Q21810177,https://www.wikidata.org/wiki/Q21810177,1860-02-20T00:00:00Z,1939-06-20T00:00:00Z,2010
Gonçalves Viana,Q4764497,https://www.wikidata.org/wiki/Q4764497,1840-01-06T00:00:00Z,1914-09-13T00:00:00Z,1985
Gregorio Nuñez Coronel,Q5607267,https://www.wikidata.org/wiki/Q5607267,1548-01-01T00:00:00Z,1629-01-01T00:00:00Z,1700
Gregório Rafael da Silva d'Almeida,Q98479340,https://www.wikidata.org/wiki/Q98479340,1854-01-01T00:00:00Z,1920-01-01T00:00:00Z,1991
Gualdino de Campos,Q19289468,https://www.wikidata.org/wiki/Q19289468,1846-01-01T00:00:00Z,1918-01-01T00:00:00Z,1989
Guerra Junqueiro,Q336918,https://www.wikidata.org/wiki/Q336918,1850-09-17T00:00:00Z,1923-07-07T00:00:00Z,1994
Guilherme Augusto Gomes Pereira,Q139103955,https://www.wikidata.org/wiki/Q139103955,1856-01-20T00:00:00Z,1926-01-01T00:00:00Z,1997
Guilherme Augusto de Brito Capelo,Q10292751,https://www.wikidata.org/wiki/Q10292751,1839-01-01T00:00:00Z,1926-01-01T00:00:00Z,1997
Guilherme Carlos Lopes Banhos,Q110227978,https://www.wikidata.org/wiki/Q110227978,1849-01-26T00:00:00Z,1930-02-13T00:00:00Z,2001
Guilherme Fisher Berquó Poças Falcão,Q10292778,https://www.wikidata.org/wiki/Q10292778,1855-11-11T00:00:00Z,1942-11-14T00:00:00Z,2013
Guilherme João Carlos Henriques,Q10292794,https://www.wikidata.org/wiki/Q10292794,1846-03-27T00:00:00Z,1924-05-22T00:00:00Z,1995
Guilherme Moreira,Q10292816,https://www.wikidata.org/wiki/Q10292816,1861-03-21T00:00:00Z,1922-08-19T00:00:00Z,1993
Guilherme Quintino de Avelar,Q124986508,https://www.wikidata.org/wiki/Q124986508,1799-01-01T00:00:00Z,1873-12-27T00:00:00Z,1944
Guilherme Spínola de Melo,Q76479865,https://www.wikidata.org/wiki/Q76479865,1876-11-21T00:00:00Z,1947-10-18T00:00:00Z,2018
Guilherme de Faria,Q15455465,https://www.wikidata.org/wiki/Q15455465,1907-10-06T00:00:00Z,1929-01-04T00:00:00Z,2000
Guilherme de Santa-Rita,Q2223220,https://www.wikidata.org/wiki/Q2223220,1889-10-31T00:00:00Z,1918-05-29T00:00:00Z,1989
Guilherme de Vasconcelos Abreu,Q5615991,https://www.wikidata.org/wiki/Q5615991,1842-01-01T00:00:00Z,1907-01-01T00:00:00Z,1978
Guilhermina Suggia,Q259861,https://www.wikidata.org/wiki/Q259861,1885-06-21T00:00:00Z,1950-07-30T00:00:00Z,2021
Guilhermina Suggia,Q259861,https://www.wikidata.org/wiki/Q259861,1885-06-27T00:00:00Z,1950-07-30T00:00:00Z,2021
Gumersindo Sarmento da Costa Lobo,Q115498320,https://www.wikidata.org/wiki/Q115498320,1896-01-01T00:00:00Z,1952-01-01T00:00:00Z,2023
Gustavo Ferreira Pinto Basto,Q16930111,https://www.wikidata.org/wiki/Q16930111,1842-01-25T00:00:00Z,1914-11-10T00:00:00Z,1985
H. Cumano,Q137399267,https://www.wikidata.org/wiki/Q137399267,1907-01-01T00:00:00Z,1955-01-01T00:00:00Z,2026
Hal De Forrest,Q5640736,https://www.wikidata.org/wiki/Q5640736,1862-07-14T00:00:00Z,1938-02-16T00:00:00Z,2009
Hanna Debora Marques,Q54251324,https://www.wikidata.org/wiki/Q54251324,http://www.wikidata.org/.well-known/genid/4c4c9b91f0cba3fe43b302e7148cd8d4,1638-01-01T00:00:00Z,1709
Henrique Alves,Q131813950,https://www.wikidata.org/wiki/Q131813950,1872-07-20T00:00:00Z,1934-04-22T00:00:00Z,2005
Henrique António Guedes de Oliveira,Q27968356,https://www.wikidata.org/wiki/Q27968356,1865-01-01T00:00:00Z,1932-02-13T00:00:00Z,2003
Henrique António Guedes de Oliveira,Q27968356,https://www.wikidata.org/wiki/Q27968356,1865-01-26T00:00:00Z,1932-02-13T00:00:00Z,2003
Henrique César da Silva Barahona e Costa,Q54555958,https://www.wikidata.org/wiki/Q54555958,1860-01-01T00:00:00Z,1953-01-01T00:00:00Z,2024
Henrique Ferreira Botelho,Q10294751,https://www.wikidata.org/wiki/Q10294751,1880-01-01T00:00:00Z,1954-01-01T00:00:00Z,2025
Henrique Ferreira de Oliveira Brás,Q10294753,https://www.wikidata.org/wiki/Q10294753,1884-02-09T00:00:00Z,1947-08-11T00:00:00Z,2018
Henrique José Reed da Silva,Q10294780,https://www.wikidata.org/wiki/Q10294780,1854-01-19T00:00:00Z,1930-10-04T00:00:00Z,2001
Henrique José das Neves,Q10294783,https://www.wikidata.org/wiki/Q10294783,1841-04-08T00:00:00Z,1915-08-26T00:00:00Z,1986
Henrique Linhares de Lima,Q10294788,https://www.wikidata.org/wiki/Q10294788,1876-10-24T00:00:00Z,1953-02-13T00:00:00Z,2024
Henrique Lopes de Mendonça,Q1390495,https://www.wikidata.org/wiki/Q1390495,1856-01-01T00:00:00Z,1931-08-24T00:00:00Z,2002
Henrique Marques Junior,Q104634234,https://www.wikidata.org/wiki/Q104634234,1881-01-01T00:00:00Z,1953-01-01T00:00:00Z,2024
Henrique Monteiro Correia da Silva,Q23778025,https://www.wikidata.org/wiki/Q23778025,1878-01-01T00:00:00Z,1935-11-01T00:00:00Z,2006
Henrique Pinto,Q10294815,https://www.wikidata.org/wiki/Q10294815,1853-01-01T00:00:00Z,1912-01-01T00:00:00Z,1983
Henrique Quirino da Fonseca,Q47555483,https://www.wikidata.org/wiki/Q47555483,1863-03-20T00:00:00Z,1939-12-07T00:00:00Z,2010
Henrique Roldão,Q130368310,https://www.wikidata.org/wiki/Q130368310,1893-01-01T00:00:00Z,1926-01-01T00:00:00Z,1997
Henrique Trindade Coelho,Q10294852,https://www.wikidata.org/wiki/Q10294852,1885-01-01T00:00:00Z,1934-01-01T00:00:00Z,2005
Henrique Ventura Forbes de Bessa,Q130607825,https://www.wikidata.org/wiki/Q130607825,1894-09-10T00:00:00Z,1920-03-10T00:00:00Z,1991
Henrique da Gama Barros,Q16930122,https://www.wikidata.org/wiki/Q16930122,1833-01-01T00:00:00Z,1925-01-01T00:00:00Z,1996
Henrique de Campos Ferreira Lima,Q94279710,https://www.wikidata.org/wiki/Q94279710,1882-12-13T00:00:00Z,1949-07-12T00:00:00Z,2020
Henrique de Carvalho Nunes da Silva Anacoreta,Q28890065,https://www.wikidata.org/wiki/Q28890065,1871-11-12T00:00:00Z,1933-12-03T00:00:00Z,2004
Henrique de Castro,Q10294874,https://www.wikidata.org/wiki/Q10294874,1851-01-18T00:00:00Z,1923-05-28T00:00:00Z,1994
Henrique de Mendia,Q130367141,https://www.wikidata.org/wiki/Q130367141,1858-02-18T00:00:00Z,1901-02-17T00:00:00Z,1972
Henrique de Mendonça,Q63007153,https://www.wikidata.org/wiki/Q63007153,1864-02-04T00:00:00Z,1942-11-01T00:00:00Z,2013
Henrique de Meneses,Q9002938,https://www.wikidata.org/wiki/Q9002938,1496-01-01T00:00:00Z,1526-02-02T00:00:00Z,1597
Henrique de Sommer,Q5716809,https://www.wikidata.org/wiki/Q5716809,1886-01-29T00:00:00Z,1944-03-28T00:00:00Z,2015
Henrique de Sousa Monteiro,Q117706673,https://www.wikidata.org/wiki/Q117706673,1857-09-20T00:00:00Z,1933-03-27T00:00:00Z,2004
Henrique de Sá Nogueira de Vasconcelos,Q10294892,https://www.wikidata.org/wiki/Q10294892,1843-10-12T00:00:00Z,1923-04-18T00:00:00Z,1994
Henrique de Vasconcelos,Q10294896,https://www.wikidata.org/wiki/Q10294896,1876-01-01T00:00:00Z,1924-01-01T00:00:00Z,1995
Henriqueta Júlia de Mira Godinho,Q10294901,https://www.wikidata.org/wiki/Q10294901,1863-07-31T00:00:00Z,1936-02-22T00:00:00Z,2007
Herbert Owar Dunn,Q5735180,https://www.wikidata.org/wiki/Q5735180,1857-01-01T00:00:00Z,1939-02-13T00:00:00Z,2010
Herculano Galhardo,Q10295006,https://www.wikidata.org/wiki/Q10295006,1868-02-21T00:00:00Z,1944-02-04T00:00:00Z,2015
Hermenegilda Teles de Lacerda,Q126097003,https://www.wikidata.org/wiki/Q126097003,1841-06-30T00:00:00Z,1895-08-09T00:00:00Z,1966
Hermenegildo Capelo,Q1250265,https://www.wikidata.org/wiki/Q1250265,1841-02-04T00:00:00Z,1917-05-04T00:00:00Z,1988
Hipólito Raposo,Q2882488,https://www.wikidata.org/wiki/Q2882488,1885-02-13T00:00:00Z,1953-08-26T00:00:00Z,2024
Homem Cristo Filho,Q10297968,https://www.wikidata.org/wiki/Q10297968,1892-03-05T00:00:00Z,1928-06-12T00:00:00Z,1999
Horácio de Medeiros Franco,Q24680673,https://www.wikidata.org/wiki/Q24680673,1888-03-08T00:00:00Z,1952-10-09T00:00:00Z,2023
Hugh Owen,Q97273988,https://www.wikidata.org/wiki/Q97273988,1825-01-01T00:00:00Z,1891-01-01T00:00:00Z,1962
Hugo Hermenegildo da Costa,Q18625790,https://www.wikidata.org/wiki/Q18625790,1900-01-01T00:00:00Z,1950-01-01T00:00:00Z,2021
Hugo José Jorge O'Neill,Q5934079,https://www.wikidata.org/wiki/Q5934079,1874-06-07T00:00:00Z,1940-03-30T00:00:00Z,2011
Hugo Vidal,Q130365523,https://www.wikidata.org/wiki/Q130365523,1886-01-01T00:00:00Z,1940-01-01T00:00:00Z,2011
Idalino Rodrigues Gondim,Q110160579,https://www.wikidata.org/wiki/Q110160579,1884-01-01T00:00:00Z,1951-01-01T00:00:00Z,2022
Inocêncio António das Neves Portugal,Q69437791,https://www.wikidata.org/wiki/Q69437791,1759-10-30T00:00:00Z,1824-03-30T00:00:00Z,1895
Inocêncio Camacho Rodrigues,Q1664277,https://www.wikidata.org/wiki/Q1664277,1867-01-01T00:00:00Z,1943-09-11T00:00:00Z,2014
Inocêncio de Faria e Aguiar,Q117706568,https://www.wikidata.org/wiki/Q117706568,1709-01-01T00:00:00Z,1792-01-01T00:00:00Z,1863
Inácio Caetano de Carvalho,Q10303340,https://www.wikidata.org/wiki/Q10303340,1843-09-05T00:00:00Z,1907-09-15T00:00:00Z,1978
Inácio Martins,Q115858294,https://www.wikidata.org/wiki/Q115858294,1530-01-01T00:00:00Z,1598-01-01T00:00:00Z,1669
Inácio Martins,Q115858294,https://www.wikidata.org/wiki/Q115858294,1531-01-01T00:00:00Z,1598-01-01T00:00:00Z,1669
Inácio da Costa,Q11977491,https://www.wikidata.org/wiki/Q11977491,1599-01-01T00:00:00Z,1666-05-11T00:00:00Z,1737
Inácio da Costa,Q11977491,https://www.wikidata.org/wiki/Q11977491,1603-01-01T00:00:00Z,1666-05-11T00:00:00Z,1737
Inácio da Costa,Q11977491,https://www.wikidata.org/wiki/Q11977491,1604-01-01T00:00:00Z,1666-05-11T00:00:00Z,1737
Inés Blake Tovar de Román,Q84572923,https://www.wikidata.org/wiki/Q84572923,1790-08-08T00:00:00Z,1866-03-06T00:00:00Z,1937
Isabel Rubio Ricciolini,Q10303813,https://www.wikidata.org/wiki/Q10303813,1792-01-01T00:00:00Z,1846-12-12T00:00:00Z,1917
Isabel de Sousa Botelho,Q10303835,https://www.wikidata.org/wiki/Q10303835,1849-01-01T00:00:00Z,1936-12-16T00:00:00Z,2007
Isaias Newton,Q110017712,https://www.wikidata.org/wiki/Q110017712,1838-07-13T00:00:00Z,1922-02-01T00:00:00Z,1993
Isidro Barcelos Bettencourt,Q10303909,https://www.wikidata.org/wiki/Q10303909,1886-11-15T00:00:00Z,1949-03-01T00:00:00Z,2020
Isolino Caramalho,Q18276018,https://www.wikidata.org/wiki/Q18276018,1889-01-01T00:00:00Z,1943-01-01T00:00:00Z,2014
Issac Newton,Q5920600,https://www.wikidata.org/wiki/Q5920600,1840-01-01T00:00:00Z,1906-01-01T00:00:00Z,1977
J. P. Dabney,Q73880622,https://www.wikidata.org/wiki/Q73880622,1850-09-02T00:00:00Z,1932-01-01T00:00:00Z,2003
J. da Costa Lima,Q136678372,https://www.wikidata.org/wiki/Q136678372,1895-01-01T00:00:00Z,1955-01-01T00:00:00Z,2026
Jacinta Marto,Q206278,https://www.wikidata.org/wiki/Q206278,1910-03-05T00:00:00Z,1920-02-20T00:00:00Z,1991
Jacinto Augusto Medina,Q139105852,https://www.wikidata.org/wiki/Q139105852,1838-01-01T00:00:00Z,1895-01-01T00:00:00Z,1966
Jacinto Carlos da Silva,Q10304700,https://www.wikidata.org/wiki/Q10304700,1872-09-16T00:00:00Z,1938-06-28T00:00:00Z,2009
Jacinto Cândido da Silva,Q10304701,https://www.wikidata.org/wiki/Q10304701,1857-11-30T00:00:00Z,1926-02-26T00:00:00Z,1997
Jacinto Desidério Cony,Q123692586,https://www.wikidata.org/wiki/Q123692586,1777-08-16T00:00:00Z,1833-09-13T00:00:00Z,1904
Jacinto Gago Machado de Faria e Maia,Q10304704,https://www.wikidata.org/wiki/Q10304704,1874-10-07T00:00:00Z,1925-10-25T00:00:00Z,1996
Jacinto Inácio de Brito Rebelo,Q10304709,https://www.wikidata.org/wiki/Q10304709,1830-10-25T00:00:00Z,1920-02-05T00:00:00Z,1991
Jacinto Pedro Gomes,Q128841639,https://www.wikidata.org/wiki/Q128841639,1844-04-29T00:00:00Z,1916-01-05T00:00:00Z,1987
Jacinto de Matos,Q48879436,https://www.wikidata.org/wiki/Q48879436,1864-01-01T00:00:00Z,1948-01-01T00:00:00Z,2019
Jacinto dos Reis Fisher,Q10304727,https://www.wikidata.org/wiki/Q10304727,1867-01-08T00:00:00Z,1947-07-12T00:00:00Z,2018
Jacob Curiel,Q20980122,https://www.wikidata.org/wiki/Q20980122,1587-09-26T00:00:00Z,1664-04-03T00:00:00Z,1735
Jacob Davis Abohbot,Q10304777,https://www.wikidata.org/wiki/Q10304777,1840-01-01T00:00:00Z,1916-03-25T00:00:00Z,1987
Jacques Suarez de Sainte-Marie,Q3160042,https://www.wikidata.org/wiki/Q3160042,1552-01-01T00:00:00Z,1614-05-30T00:00:00Z,1685
Jacques Suarez de Sainte-Marie,Q3160042,https://www.wikidata.org/wiki/Q3160042,1552-01-01T00:00:00Z,1614-06-03T00:00:00Z,1685
Jaime Afreixo,Q10304914,https://www.wikidata.org/wiki/Q10304914,1867-12-10T00:00:00Z,1942-01-01T00:00:00Z,2013
Jaime Batalha Reis,Q10304923,https://www.wikidata.org/wiki/Q10304923,1847-01-01T00:00:00Z,1934-01-01T00:00:00Z,2005
Jaime Batalha Reis,Q10304923,https://www.wikidata.org/wiki/Q10304923,1847-01-01T00:00:00Z,1935-01-01T00:00:00Z,2006
Jaime Batalha Reis,Q10304923,https://www.wikidata.org/wiki/Q10304923,1847-12-24T00:00:00Z,1934-01-01T00:00:00Z,2005
Jaime Batalha Reis,Q10304923,https://www.wikidata.org/wiki/Q10304923,1847-12-24T00:00:00Z,1935-01-01T00:00:00Z,2006
Jaime Câmara,Q113482710,https://www.wikidata.org/wiki/Q113482710,1881-03-13T00:00:00Z,1946-12-24T00:00:00Z,2017
Jaime Daniel Leote do Rego,Q10304932,https://www.wikidata.org/wiki/Q10304932,1867-01-01T00:00:00Z,1923-01-01T00:00:00Z,1994
Jaime Daniel Leote do Rego,Q10304932,https://www.wikidata.org/wiki/Q10304932,1867-01-01T00:00:00Z,1923-07-26T00:00:00Z,1994
Jaime Daniel Leote do Rego,Q10304932,https://www.wikidata.org/wiki/Q10304932,1867-12-01T00:00:00Z,1923-01-01T00:00:00Z,1994
Jaime Daniel Leote do Rego,Q10304932,https://www.wikidata.org/wiki/Q10304932,1867-12-01T00:00:00Z,1923-07-26T00:00:00Z,1994
Jaime Filinto,Q10304938,https://www.wikidata.org/wiki/Q10304938,1855-02-09T00:00:00Z,1922-09-02T00:00:00Z,1993
Jaime Hintze,Q20045861,https://www.wikidata.org/wiki/Q20045861,1889-05-06T00:00:00Z,1945-03-16T00:00:00Z,2016
Jaime Júlio Velho Cabral Botelho de Sousa,Q10304945,https://www.wikidata.org/wiki/Q10304945,1875-04-26T00:00:00Z,1946-12-06T00:00:00Z,2017
Jaime Lobo e Silva,Q16930138,https://www.wikidata.org/wiki/Q16930138,1875-09-09T00:00:00Z,1943-09-11T00:00:00Z,2014
Jaime Moniz,Q10304951,https://www.wikidata.org/wiki/Q10304951,1837-02-18T00:00:00Z,1917-09-15T00:00:00Z,1988
Jaime Moniz,Q10304951,https://www.wikidata.org/wiki/Q10304951,1837-02-18T00:00:00Z,1917-09-16T00:00:00Z,1988
Jaime Pereira Rodrigues Baptista,Q17318219,https://www.wikidata.org/wiki/Q17318219,1890-01-01T00:00:00Z,1950-01-01T00:00:00Z,2021
Jaime Velez,Q136675928,https://www.wikidata.org/wiki/Q136675928,1894-07-30T00:00:00Z,1955-05-02T00:00:00Z,2026
Jaime da Fonseca Monteiro,Q23778008,https://www.wikidata.org/wiki/Q23778008,1870-01-01T00:00:00Z,1938-01-01T00:00:00Z,2009
Jaime de Campos Ramalho,Q10304959,https://www.wikidata.org/wiki/Q10304959,1873-05-14T00:00:00Z,1935-01-01T00:00:00Z,2006
Jaime de Magalhães Lima,Q385138,https://www.wikidata.org/wiki/Q385138,1859-10-15T00:00:00Z,1936-02-26T00:00:00Z,2007
Jaime de Séguier,Q10304977,https://www.wikidata.org/wiki/Q10304977,1860-01-01T00:00:00Z,1932-01-01T00:00:00Z,2003
Jaime de Séguier,Q10304977,https://www.wikidata.org/wiki/Q10304977,1860-01-01T00:00:00Z,1932-06-07T00:00:00Z,2003
Jaime de Séguier,Q10304977,https://www.wikidata.org/wiki/Q10304977,1860-06-26T00:00:00Z,1932-01-01T00:00:00Z,2003
Jaime de Séguier,Q10304977,https://www.wikidata.org/wiki/Q10304977,1860-06-26T00:00:00Z,1932-06-07T00:00:00Z,2003
Jehuda de Mordechai Cassuto,Q6302078,https://www.wikidata.org/wiki/Q6302078,1808-01-01T00:00:00Z,1893-01-01T00:00:00Z,1964
Jehuda de Mordechai Cassuto,Q6302078,https://www.wikidata.org/wiki/Q6302078,1808-01-01T00:00:00Z,1893-03-11T00:00:00Z,1964
Jehuda de Mordechai Cassuto,Q6302078,https://www.wikidata.org/wiki/Q6302078,1808-09-04T00:00:00Z,1893-01-01T00:00:00Z,1964
Jehuda de Mordechai Cassuto,Q6302078,https://www.wikidata.org/wiki/Q6302078,1808-09-04T00:00:00Z,1893-03-11T00:00:00Z,1964
Jeronymo Ribeiro,Q10306710,https://www.wikidata.org/wiki/Q10306710,1854-03-17T00:00:00Z,1926-10-05T00:00:00Z,1997
Jerónimo Osório de Castro,Q130368266,https://www.wikidata.org/wiki/Q130368266,1871-01-01T00:00:00Z,1935-01-01T00:00:00Z,2006
Jerónimo de Azambuja,Q112873607,https://www.wikidata.org/wiki/Q112873607,1503-01-01T00:00:00Z,1563-01-01T00:00:00Z,1634
Jerónimo de Lacerda,Q10306760,https://www.wikidata.org/wiki/Q10306760,1889-01-01T00:00:00Z,1945-01-01T00:00:00Z,2016
Jesuína Marques,Q106427581,https://www.wikidata.org/wiki/Q106427581,1850-04-20T00:00:00Z,1911-02-22T00:00:00Z,1982
Jesuína Saraiva,Q106394177,https://www.wikidata.org/wiki/Q106394177,1865-11-11T00:00:00Z,1947-10-13T00:00:00Z,2018
Joana Benedita de Faria Pinho e Vasconcelos Soares de Albergaria,Q10306991,https://www.wikidata.org/wiki/Q10306991,1850-11-21T00:00:00Z,1939-07-09T00:00:00Z,2010
Joaquim Alberto Pires de Lima,Q10307053,https://www.wikidata.org/wiki/Q10307053,1877-03-07T00:00:00Z,1951-12-23T00:00:00Z,2022
Joaquim Alberto Taquelim,Q10307054,https://www.wikidata.org/wiki/Q10307054,1877-09-25T00:00:00Z,1950-04-08T00:00:00Z,2021
Joaquim Albuquerque,Q10307055,https://www.wikidata.org/wiki/Q10307055,1839-08-16T00:00:00Z,1912-01-21T00:00:00Z,1983
Joaquim Almada,Q125949061,https://www.wikidata.org/wiki/Q125949061,1893-01-01T00:00:00Z,1934-01-01T00:00:00Z,2005
Joaquim Alves Correia,Q10307056,https://www.wikidata.org/wiki/Q10307056,1886-05-05T00:00:00Z,1951-06-01T00:00:00Z,2022
Joaquim Anselmo da Mata e Oliveira,Q130343048,https://www.wikidata.org/wiki/Q130343048,1874-03-05T00:00:00Z,1948-07-24T00:00:00Z,2019
Joaquim Augusto Amorim da Fonseca,Q10307082,https://www.wikidata.org/wiki/Q10307082,1862-01-01T00:00:00Z,1927-05-21T00:00:00Z,1998
Joaquim Augusto Moutinho,Q106464566,https://www.wikidata.org/wiki/Q106464566,1869-01-01T00:00:00Z,1950-01-01T00:00:00Z,2021
Joaquim Augusto Pereira do Carmo da Câmara Manoel,Q10307084,https://www.wikidata.org/wiki/Q10307084,1907-07-25T00:00:00Z,1951-10-27T00:00:00Z,2022
Joaquim Augusto Ponces de Carvalho,Q10307086,https://www.wikidata.org/wiki/Q10307086,1847-09-30T00:00:00Z,1917-12-08T00:00:00Z,1988
Joaquim Augusto Prata Dias,Q115521306,https://www.wikidata.org/wiki/Q115521306,1871-10-07T00:00:00Z,1952-01-01T00:00:00Z,2023
Joaquim Augusto Tomé dos Santos,Q10307085,https://www.wikidata.org/wiki/Q10307085,1867-12-07T00:00:00Z,1954-01-10T00:00:00Z,2025
Joaquim Augusto de Oliveira Mascarenhas,Q109856910,https://www.wikidata.org/wiki/Q109856910,1847-01-01T00:00:00Z,1918-01-01T00:00:00Z,1989
Joaquim Bensaúde,Q3179719,https://www.wikidata.org/wiki/Q3179719,1859-03-27T00:00:00Z,1952-01-07T00:00:00Z,2023
Joaquim Bernardo Cardoso Botelho da Costa,Q10307103,https://www.wikidata.org/wiki/Q10307103,1863-01-01T00:00:00Z,1926-01-01T00:00:00Z,1997
Joaquim Bernardo Cardoso Botelho da Costa,Q10307103,https://www.wikidata.org/wiki/Q10307103,1863-01-01T00:00:00Z,1926-07-01T00:00:00Z,1997
Joaquim Bernardo Mendes,Q10307102,https://www.wikidata.org/wiki/Q10307102,1847-11-05T00:00:00Z,1911-05-16T00:00:00Z,1982
Joaquim Carlos Paiva de Andrada,Q10307117,https://www.wikidata.org/wiki/Q10307117,1846-01-01T00:00:00Z,1928-01-01T00:00:00Z,1999
Joaquim Carvalho dos Santos,Q133697906,https://www.wikidata.org/wiki/Q133697906,1867-01-01T00:00:00Z,1934-06-19T00:00:00Z,2005
Joaquim Caseiro,Q20048106,https://www.wikidata.org/wiki/Q20048106,1882-01-01T00:00:00Z,1917-01-01T00:00:00Z,1988
Joaquim Cerveira de Albuquerque,Q100774514,https://www.wikidata.org/wiki/Q100774514,1853-06-08T00:00:00Z,1925-01-01T00:00:00Z,1996
Joaquim Costa,Q106263046,https://www.wikidata.org/wiki/Q106263046,1853-04-29T00:00:00Z,1924-11-19T00:00:00Z,1995
Joaquim Crisóstomo da Silveira,Q115903003,https://www.wikidata.org/wiki/Q115903003,1876-03-05T00:00:00Z,1939-12-01T00:00:00Z,2010
Joaquim Cândido Correia,Q10307133,https://www.wikidata.org/wiki/Q10307133,1856-03-28T00:00:00Z,1944-11-03T00:00:00Z,2015
Joaquim Dá Mesquita Paúl,Q115969222,https://www.wikidata.org/wiki/Q115969222,1875-01-01T00:00:00Z,1946-01-01T00:00:00Z,2017
Joaquim Ferreira Durão,Q10307156,https://www.wikidata.org/wiki/Q10307156,1876-02-19T00:00:00Z,1914-10-31T00:00:00Z,1985
Joaquim Filipe dos Santos,Q6206307,https://www.wikidata.org/wiki/Q6206307,1896-01-01T00:00:00Z,1941-01-28T00:00:00Z,2012
Joaquim Gomes Ferreira Alves,Q10307191,https://www.wikidata.org/wiki/Q10307191,1883-04-09T00:00:00Z,1944-11-10T00:00:00Z,2015
Joaquim Gomes Monteiro,Q106464602,https://www.wikidata.org/wiki/Q106464602,1893-01-01T00:00:00Z,1950-01-01T00:00:00Z,2021
Joaquim Guilherme Santos Silva,Q20048091,https://www.wikidata.org/wiki/Q20048091,1871-01-01T00:00:00Z,1948-01-01T00:00:00Z,2019
Joaquim Henriques Pereira de Faria Saldanha e Lencastre,Q137426285,https://www.wikidata.org/wiki/Q137426285,1880-01-01T00:00:00Z,1955-01-01T00:00:00Z,2026
Joaquim Inácio Ribeiro,Q109602675,https://www.wikidata.org/wiki/Q109602675,1841-01-01T00:00:00Z,1916-01-01T00:00:00Z,1987
Joaquim José Andrade e Silva Abranches,Q10307219,https://www.wikidata.org/wiki/Q10307219,1888-02-23T00:00:00Z,1939-04-20T00:00:00Z,2010
Joaquim José Codina,Q53499400,https://www.wikidata.org/wiki/Q53499400,1720-01-01T00:00:00Z,1790-01-01T00:00:00Z,1861
Joaquim José Coelho de Carvalho,Q10307220,https://www.wikidata.org/wiki/Q10307220,1855-01-01T00:00:00Z,1934-01-01T00:00:00Z,2005
Joaquim José Falcão,Q94924359,https://www.wikidata.org/wiki/Q94924359,1796-04-14T00:00:00Z,1863-06-06T00:00:00Z,1934
Joaquim José Insley Pacheco,Q10307225,https://www.wikidata.org/wiki/Q10307225,1830-03-31T00:00:00Z,1912-10-14T00:00:00Z,1983
Joaquim José Machado,Q10307228,https://www.wikidata.org/wiki/Q10307228,1847-09-24T00:00:00Z,1925-02-22T00:00:00Z,1996
Joaquim José Oliveira,Q16930164,https://www.wikidata.org/wiki/Q16930164,1880-01-01T00:00:00Z,1935-01-01T00:00:00Z,2006
Joaquim Lobo de Miranda,Q10307273,https://www.wikidata.org/wiki/Q10307273,1845-09-17T00:00:00Z,1940-09-06T00:00:00Z,2011
Joaquim Madureira,Q131467420,https://www.wikidata.org/wiki/Q131467420,1874-02-03T00:00:00Z,1954-09-19T00:00:00Z,2025
Joaquim Manoel Gonçalves,Q20056247,https://www.wikidata.org/wiki/Q20056247,1869-11-27T00:00:00Z,1944-01-01T00:00:00Z,2015
Joaquim Maria Pamplona Corte Real,Q10307296,https://www.wikidata.org/wiki/Q10307296,http://www.wikidata.org/.well-known/genid/d376a32965e75278e44f6046f844776c,1877-05-23T00:00:00Z,1948
Joaquim Maria da Silva,Q10307298,https://www.wikidata.org/wiki/Q10307298,1830-05-24T00:00:00Z,1913-01-01T00:00:00Z,1984
Joaquim Maria da Silva,Q10307298,https://www.wikidata.org/wiki/Q10307298,1830-05-24T00:00:00Z,1913-09-27T00:00:00Z,1984
Joaquim Martins da Cunha,Q10307308,https://www.wikidata.org/wiki/Q10307308,1857-01-01T00:00:00Z,1911-01-01T00:00:00Z,1982
Joaquim Mendes dos Remédios,Q10307317,https://www.wikidata.org/wiki/Q10307317,1867-09-21T00:00:00Z,1932-09-30T00:00:00Z,2003
Joaquim Nunes Claro,Q10307337,https://www.wikidata.org/wiki/Q10307337,1878-04-20T00:00:00Z,1949-05-04T00:00:00Z,2020
Joaquim Nunes Mexia,Q10307339,https://www.wikidata.org/wiki/Q10307339,1870-01-01T00:00:00Z,1941-01-01T00:00:00Z,2012
Joaquim Pedro Celestino Soares,Q104693983,https://www.wikidata.org/wiki/Q104693983,1793-06-08T00:00:00Z,1870-08-07T00:00:00Z,1941
Joaquim Pedro Martins,Q16930167,https://www.wikidata.org/wiki/Q16930167,1875-12-23T00:00:00Z,1939-11-29T00:00:00Z,2010
Joaquim Pedro Vieira Júdice Biker,Q131392614,https://www.wikidata.org/wiki/Q131392614,1866-07-09T00:00:00Z,1926-01-21T00:00:00Z,1997
Joaquim Pimenta de Castro,Q305493,https://www.wikidata.org/wiki/Q305493,1846-11-05T00:00:00Z,1918-05-14T00:00:00Z,1989
Joaquim Pinheiro de Azevedo Leite Pereira,Q10307364,https://www.wikidata.org/wiki/Q10307364,1829-02-09T00:00:00Z,1918-01-17T00:00:00Z,1989
Joaquim Pinto Grijó,Q10307366,https://www.wikidata.org/wiki/Q10307366,1876-09-07T00:00:00Z,1934-10-30T00:00:00Z,2005
Joaquim Pires de Sousa Gomes,Q136399923,https://www.wikidata.org/wiki/Q136399923,1836-04-23T00:00:00Z,1912-07-29T00:00:00Z,1983
Joaquim Prata,Q109538929,https://www.wikidata.org/wiki/Q109538929,1882-07-30T00:00:00Z,1953-11-09T00:00:00Z,2024
Joaquim Ribeiro,Q117356554,https://www.wikidata.org/wiki/Q117356554,1882-01-01T00:00:00Z,1953-01-01T00:00:00Z,2024
Joaquim Ribeiro de Carvalho,Q10307388,https://www.wikidata.org/wiki/Q10307388,1880-01-01T00:00:00Z,1942-01-01T00:00:00Z,2013
Joaquim Rodrigues Ferreira,Q6206343,https://www.wikidata.org/wiki/Q6206343,1898-01-01T00:00:00Z,1945-01-01T00:00:00Z,2016
Joaquim Roque da Fonseca,Q131467437,https://www.wikidata.org/wiki/Q131467437,1891-11-15T00:00:00Z,1954-06-01T00:00:00Z,2025
Joaquim Simões Ferreira,Q112085958,https://www.wikidata.org/wiki/Q112085958,1837-04-01T00:00:00Z,1912-01-01T00:00:00Z,1983
Joaquim Sinel de Cordes,Q10307416,https://www.wikidata.org/wiki/Q10307416,1890-01-01T00:00:00Z,1936-01-01T00:00:00Z,2007
Joaquim Teixeira da Silva,Q10307422,https://www.wikidata.org/wiki/Q10307422,1870-01-01T00:00:00Z,1942-11-10T00:00:00Z,2013
Joaquim Vitorino Ribeiro,Q10307442,https://www.wikidata.org/wiki/Q10307442,1849-01-01T00:00:00Z,1928-01-01T00:00:00Z,1999
Joaquim Xavier Botelho de Lima,Q10307449,https://www.wikidata.org/wiki/Q10307449,http://www.wikidata.org/.well-known/genid/c791239354d8db831a8626d9cd763296,1800-04-10T00:00:00Z,1871
Joaquim da Costa Lima Sampaio,Q16645946,https://www.wikidata.org/wiki/Q16645946,1750-01-01T00:00:00Z,1837-01-01T00:00:00Z,1908
Joaquim de Almeida,Q106249204,https://www.wikidata.org/wiki/Q106249204,1838-10-20T00:00:00Z,1921-07-22T00:00:00Z,1992
Joaquim de Almeida Henriques,Q10307471,https://www.wikidata.org/wiki/Q10307471,1875-05-28T00:00:00Z,1945-09-26T00:00:00Z,2016
Joaquim de Almeida Tavares do Canto,Q10307474,https://www.wikidata.org/wiki/Q10307474,1790-03-31T00:00:00Z,1855-11-10T00:00:00Z,1926
Joaquim de Araújo,Q3808584,https://www.wikidata.org/wiki/Q3808584,1858-07-22T00:00:00Z,1917-01-01T00:00:00Z,1988
Joaquim de Araújo,Q3808584,https://www.wikidata.org/wiki/Q3808584,1858-07-22T00:00:00Z,1917-05-11T00:00:00Z,1988
Joaquim de Mariz,Q5931630,https://www.wikidata.org/wiki/Q5931630,1847-01-01T00:00:00Z,1916-01-01T00:00:00Z,1987
Joaquim de Mariz,Q5931630,https://www.wikidata.org/wiki/Q5931630,1847-01-01T00:00:00Z,1916-04-01T00:00:00Z,1987
Joaquim de Mariz,Q5931630,https://www.wikidata.org/wiki/Q5931630,1847-02-28T00:00:00Z,1916-01-01T00:00:00Z,1987
Joaquim de Mariz,Q5931630,https://www.wikidata.org/wiki/Q5931630,1847-02-28T00:00:00Z,1916-04-01T00:00:00Z,1987
Joaquim de Vasconcelos,Q3492420,https://www.wikidata.org/wiki/Q3492420,1849-01-01T00:00:00Z,1936-01-01T00:00:00Z,2007
Joaquim dos Santos e Silva,Q10307511,https://www.wikidata.org/wiki/Q10307511,1841-01-01T00:00:00Z,1906-01-01T00:00:00Z,1977
Joaquim dos Santos e Silva,Q10307511,https://www.wikidata.org/wiki/Q10307511,1841-01-01T00:00:00Z,1906-02-22T00:00:00Z,1977
Joaquim dos Santos e Silva,Q10307511,https://www.wikidata.org/wiki/Q10307511,1842-01-25T00:00:00Z,1906-01-01T00:00:00Z,1977
Joaquim dos Santos e Silva,Q10307511,https://www.wikidata.org/wiki/Q10307511,1842-01-25T00:00:00Z,1906-02-22T00:00:00Z,1977
Joaquím Marques,Q109886405,https://www.wikidata.org/wiki/Q109886405,1755-01-01T00:00:00Z,1822-01-01T00:00:00Z,1893
Joel da Silva Pereira,Q116294508,https://www.wikidata.org/wiki/Q116294508,1861-09-06T00:00:00Z,1899-10-31T00:00:00Z,1970
Jordão Apolinário de Freitas,Q106464387,https://www.wikidata.org/wiki/Q106464387,1866-07-23T00:00:00Z,1950-06-12T00:00:00Z,2021
Jorge Berkeley Cotter,Q10308064,https://www.wikidata.org/wiki/Q10308064,1845-12-19T00:00:00Z,1919-11-28T00:00:00Z,1990
Jorge Colaço,Q2739623,https://www.wikidata.org/wiki/Q2739623,1868-02-26T00:00:00Z,1942-08-23T00:00:00Z,2013
Jorge Couceiro da Costa,Q10308091,https://www.wikidata.org/wiki/Q10308091,1858-01-01T00:00:00Z,1937-01-01T00:00:00Z,2008
Jorge Cândido Cordeiro Pinheiro Furtado,Q131200007,https://www.wikidata.org/wiki/Q131200007,1810-10-16T00:00:00Z,1898-01-29T00:00:00Z,1969
Jorge César de Figanière,Q105621961,https://www.wikidata.org/wiki/Q105621961,1813-04-04T00:00:00Z,1887-01-01T00:00:00Z,1958
Jorge César de Figanière,Q105621961,https://www.wikidata.org/wiki/Q105621961,1813-04-04T00:00:00Z,1888-04-14T00:00:00Z,1959
Jorge César de Figanière,Q105621961,https://www.wikidata.org/wiki/Q105621961,1813-04-04T00:00:00Z,1897-01-01T00:00:00Z,1968
Jorge Eugénio de Lócio e Seiblitz,Q21290116,https://www.wikidata.org/wiki/Q21290116,1819-02-23T00:00:00Z,1883-01-05T00:00:00Z,1954
Jorge José de Melo,Q10308144,https://www.wikidata.org/wiki/Q10308144,1857-08-02T00:00:00Z,1922-11-08T00:00:00Z,1993
Jorge Leopoldo de Carvalho,Q137399526,https://www.wikidata.org/wiki/Q137399526,1871-01-01T00:00:00Z,1955-01-01T00:00:00Z,2026
Jorge Queimado,Q56347079,https://www.wikidata.org/wiki/Q56347079,1548-01-01T00:00:00Z,1618-05-29T00:00:00Z,1689
Jorge Torlades O'Neill II,Q16031103,https://www.wikidata.org/wiki/Q16031103,1848-02-15T00:00:00Z,1925-02-11T00:00:00Z,1996
Jorge Torlades O'Neill II,Q16031103,https://www.wikidata.org/wiki/Q16031103,1849-02-15T00:00:00Z,1925-02-11T00:00:00Z,1996
Jorge de Abreu,Q48878759,https://www.wikidata.org/wiki/Q48878759,1878-01-01T00:00:00Z,1932-06-08T00:00:00Z,2003
Jorge de Mascarenhas,Q10308292,https://www.wikidata.org/wiki/Q10308292,1579-01-01T00:00:00Z,1652-01-01T00:00:00Z,1723
Jorge de Paiva,Q1703960,https://www.wikidata.org/wiki/Q1703960,1887-05-13T00:00:00Z,1937-05-12T00:00:00Z,2008
Jorge de Vasconcelos Nunes,Q10308304,https://www.wikidata.org/wiki/Q10308304,1878-01-01T00:00:00Z,1936-01-01T00:00:00Z,2007
Jose Alberto dos Reis,Q6291298,https://www.wikidata.org/wiki/Q6291298,1875-11-01T00:00:00Z,1955-12-12T00:00:00Z,2026
Joshua Benoliel,Q371701,https://www.wikidata.org/wiki/Q371701,1873-01-13T00:00:00Z,1932-02-03T00:00:00Z,2003
José Acácio da Silveira Moniz do Canto e Noronha Ponce de Leon,Q10308677,https://www.wikidata.org/wiki/Q10308677,1843-09-15T00:00:00Z,1937-04-21T00:00:00Z,2008
José Adolfo Coelho,Q75157655,https://www.wikidata.org/wiki/Q75157655,1899-01-01T00:00:00Z,1953-01-01T00:00:00Z,2024
José Afonso de Oliveira Soares,Q84575501,https://www.wikidata.org/wiki/Q84575501,1852-11-26T00:00:00Z,1939-10-21T00:00:00Z,2010
José Agostinho de Oliveira,Q10308704,https://www.wikidata.org/wiki/Q10308704,1866-01-01T00:00:00Z,1938-01-01T00:00:00Z,2009
José Agostinho de Oliveira,Q10308704,https://www.wikidata.org/wiki/Q10308704,1866-01-01T00:00:00Z,1938-01-14T00:00:00Z,2009
José Agostinho de Oliveira,Q10308704,https://www.wikidata.org/wiki/Q10308704,1866-03-13T00:00:00Z,1938-01-01T00:00:00Z,2009
José Agostinho de Oliveira,Q10308704,https://www.wikidata.org/wiki/Q10308704,1866-03-13T00:00:00Z,1938-01-14T00:00:00Z,2009
José Alexandre Soares,Q117356555,https://www.wikidata.org/wiki/Q117356555,1873-06-06T00:00:00Z,1930-08-20T00:00:00Z,2001
José Alvalade,Q9013524,https://www.wikidata.org/wiki/Q9013524,1885-10-10T00:00:00Z,1918-10-19T00:00:00Z,1989
José Alves Mattoso,Q13579872,https://www.wikidata.org/wiki/Q13579872,1860-02-18T00:00:00Z,1952-02-01T00:00:00Z,2023
José Alves da Silva,Q10308755,https://www.wikidata.org/wiki/Q10308755,1850-06-03T00:00:00Z,1922-09-14T00:00:00Z,1993
José Alves de Matos,Q64626990,https://www.wikidata.org/wiki/Q64626990,1855-03-06T00:00:00Z,1917-04-14T00:00:00Z,1988
José Anjo,Q116269657,https://www.wikidata.org/wiki/Q116269657,1870-01-01T00:00:00Z,1950-01-01T00:00:00Z,2021
José António Arantes Pedroso,Q10308780,https://www.wikidata.org/wiki/Q10308780,1875-01-01T00:00:00Z,1918-01-01T00:00:00Z,1989
José António Gascon,Q10308786,https://www.wikidata.org/wiki/Q10308786,1883-02-26T00:00:00Z,1950-05-04T00:00:00Z,2021
José António Jorge Pinto,Q108001852,https://www.wikidata.org/wiki/Q108001852,1875-09-20T00:00:00Z,1945-09-09T00:00:00Z,2016
José António Maria de Sousa Azevedo,Q131288062,https://www.wikidata.org/wiki/Q131288062,1796-08-18T00:00:00Z,1865-03-03T00:00:00Z,1936
José António Simões Raposo Júnior,Q16930179,https://www.wikidata.org/wiki/Q16930179,1875-07-22T00:00:00Z,1948-07-08T00:00:00Z,2019
José António de Andrade Sequeira,Q10308804,https://www.wikidata.org/wiki/Q10308804,1876-02-04T00:00:00Z,1952-08-31T00:00:00Z,2023
José António de Sá,Q118445170,https://www.wikidata.org/wiki/Q118445170,1756-03-20T00:00:00Z,1819-02-14T00:00:00Z,1890
José António do Vale,Q105733408,https://www.wikidata.org/wiki/Q105733408,1845-11-04T00:00:00Z,1912-02-19T00:00:00Z,1983
José Artur Leitão Bárcia,Q46212823,https://www.wikidata.org/wiki/Q46212823,1871-01-01T00:00:00Z,1945-01-01T00:00:00Z,2016
José Augusto Alves Roçadas,Q540304,https://www.wikidata.org/wiki/Q540304,1865-04-06T00:00:00Z,1926-04-28T00:00:00Z,1997
José Augusto Barbosa Colen,Q10308890,https://www.wikidata.org/wiki/Q10308890,1849-01-01T00:00:00Z,1917-01-01T00:00:00Z,1988
José Augusto Celestino Soares,Q130367089,https://www.wikidata.org/wiki/Q130367089,1853-12-06T00:00:00Z,1940-12-24T00:00:00Z,2011
José Augusto Faure da Rosa,Q10308900,https://www.wikidata.org/wiki/Q10308900,1873-11-16T00:00:00Z,1950-11-08T00:00:00Z,2021
José Augusto Ferreira,Q10308899,https://www.wikidata.org/wiki/Q10308899,1860-01-02T00:00:00Z,1944-01-21T00:00:00Z,2015
José Augusto Vieira,Q10308919,https://www.wikidata.org/wiki/Q10308919,1856-07-13T00:00:00Z,1890-07-13T00:00:00Z,1961
José Augusto da Silva Sampaio,Q10308922,https://www.wikidata.org/wiki/Q10308922,1852-02-28T00:00:00Z,1914-02-06T00:00:00Z,1985
José Augusto de Simas Machado,Q3484092,https://www.wikidata.org/wiki/Q3484092,1859-07-25T00:00:00Z,1927-03-17T00:00:00Z,1998
José Augusto dos Santos,Q10308925,https://www.wikidata.org/wiki/Q10308925,1875-03-26T00:00:00Z,1931-08-30T00:00:00Z,2002
José Baptista Ramos de Deus,Q25427456,https://www.wikidata.org/wiki/Q25427456,1801-01-01T00:00:00Z,1905-01-01T00:00:00Z,1976
José Barbosa,Q62163694,https://www.wikidata.org/wiki/Q62163694,1869-06-13T00:00:00Z,1923-09-04T00:00:00Z,1994
José Barbosa de Castro,Q1709019,https://www.wikidata.org/wiki/Q1709019,1858-01-01T00:00:00Z,1920-01-01T00:00:00Z,1991
José Belchior Pinto Garcês,Q131322247,https://www.wikidata.org/wiki/Q131322247,1842-06-21T00:00:00Z,1911-07-27T00:00:00Z,1982
José Beltrão,Q553673,https://www.wikidata.org/wiki/Q553673,1905-11-27T00:00:00Z,1948-01-01T00:00:00Z,2019
José Benedito Hidalgo de Vilhena,Q10308955,https://www.wikidata.org/wiki/Q10308955,1870-07-02T00:00:00Z,1943-01-01T00:00:00Z,2014
José Bensaude,Q1709041,https://www.wikidata.org/wiki/Q1709041,1835-03-04T00:00:00Z,1922-10-20T00:00:00Z,1993
José Bento Pessoa,Q1237188,https://www.wikidata.org/wiki/Q1237188,1874-03-07T00:00:00Z,1954-07-07T00:00:00Z,2025
José Bernardo de Almada,Q10308988,https://www.wikidata.org/wiki/Q10308988,1876-11-23T00:00:00Z,1948-11-04T00:00:00Z,2019
José Bettencourt da Silveira e Ávila,Q10308995,https://www.wikidata.org/wiki/Q10308995,1837-05-09T00:00:00Z,1922-02-06T00:00:00Z,1993
José Boavida Portugal,Q84706529,https://www.wikidata.org/wiki/Q84706529,1885-01-01T00:00:00Z,1931-01-01T00:00:00Z,2002
José Boavida Portugal,Q84706529,https://www.wikidata.org/wiki/Q84706529,1889-01-01T00:00:00Z,1931-01-01T00:00:00Z,2002
José Borges Pacheco Pereira,Q136955665,https://www.wikidata.org/wiki/Q136955665,1810-06-10T00:00:00Z,1888-02-01T00:00:00Z,1959
José Bressane de Leite Perry,Q10309038,https://www.wikidata.org/wiki/Q10309038,1862-03-09T00:00:00Z,1929-11-23T00:00:00Z,2000
José Campelo Trigueiros Martel,Q136557225,https://www.wikidata.org/wiki/Q136557225,1852-01-25T00:00:00Z,1888-05-22T00:00:00Z,1959
José Capelo Franco Frazão,Q76997136,https://www.wikidata.org/wiki/Q76997136,1872-01-11T00:00:00Z,1940-04-25T00:00:00Z,2011
José Cardoso Perdigão,Q18707767,https://www.wikidata.org/wiki/Q18707767,1869-03-14T00:00:00Z,1940-02-28T00:00:00Z,2011
José Cardoso de Meneses Martins,Q21290139,https://www.wikidata.org/wiki/Q21290139,1873-10-10T00:00:00Z,1954-06-18T00:00:00Z,2025
José Carlos da Maia,Q10309134,https://www.wikidata.org/wiki/Q10309134,1877-03-16T00:00:00Z,1921-10-19T00:00:00Z,1992
José Carlos da Maia,Q10309134,https://www.wikidata.org/wiki/Q10309134,1878-03-16T00:00:00Z,1921-10-19T00:00:00Z,1992
José Casimiro Carteado Mena,Q97182176,https://www.wikidata.org/wiki/Q97182176,1876-02-10T00:00:00Z,1949-03-20T00:00:00Z,2020
José Celestino da Silva,Q1709096,https://www.wikidata.org/wiki/Q1709096,1849-01-06T00:00:00Z,1911-02-10T00:00:00Z,1982
José Charters de Azevedo Lopes Vieira,Q10309184,https://www.wikidata.org/wiki/Q10309184,1880-10-10T00:00:00Z,1943-07-28T00:00:00Z,2014
José Cipriano Rodrigues Dinis,Q131468189,https://www.wikidata.org/wiki/Q131468189,1876-08-08T00:00:00Z,1954-01-01T00:00:00Z,2025
José Coelho da Mota Prego,Q106262879,https://www.wikidata.org/wiki/Q106262879,1857-08-02T00:00:00Z,1943-12-03T00:00:00Z,2014
José Coelho de Jesus Pacheco,Q131143302,https://www.wikidata.org/wiki/Q131143302,1894-05-27T00:00:00Z,1951-11-15T00:00:00Z,2022
José Cupertino Ribeiro,Q10309222,https://www.wikidata.org/wiki/Q10309222,1848-12-15T00:00:00Z,1922-01-11T00:00:00Z,1993
José Curry da Câmara Cabral,Q10309225,https://www.wikidata.org/wiki/Q10309225,1844-05-04T00:00:00Z,1920-05-18T00:00:00Z,1991
José Cândido Godinho,Q106485686,https://www.wikidata.org/wiki/Q106485686,1898-01-01T00:00:00Z,1950-01-01T00:00:00Z,2021
José César Ferreira Gil,Q10309245,https://www.wikidata.org/wiki/Q10309245,1858-11-01T00:00:00Z,1922-08-15T00:00:00Z,1993
José Daniel Colaço,Q130366987,https://www.wikidata.org/wiki/Q130366987,1831-01-01T00:00:00Z,1907-01-01T00:00:00Z,1978
José Dias Correia de Carvalho,Q10309255,https://www.wikidata.org/wiki/Q10309255,1830-12-19T00:00:00Z,1911-07-02T00:00:00Z,1982
José Diogo Arroyo,Q10309264,https://www.wikidata.org/wiki/Q10309264,1854-07-23T00:00:00Z,1925-11-16T00:00:00Z,1996
José Diogo de Mascarenhas Neto,Q17318247,https://www.wikidata.org/wiki/Q17318247,1752-02-18T00:00:00Z,1826-03-18T00:00:00Z,1897
José Dominguez de Oliveira,Q109812453,https://www.wikidata.org/wiki/Q109812453,1865-02-17T00:00:00Z,1925-05-23T00:00:00Z,1996
José Eduardo Raposo de Magalhães,Q10309302,https://www.wikidata.org/wiki/Q10309302,1844-06-12T00:00:00Z,1942-01-01T00:00:00Z,2013
José Eduardo de Carvalho Crato,Q23778041,https://www.wikidata.org/wiki/Q23778041,1877-01-01T00:00:00Z,1947-05-01T00:00:00Z,2018
José Epifânio Carvalho de Almeida,Q55231641,https://www.wikidata.org/wiki/Q55231641,1883-01-07T00:00:00Z,1944-08-18T00:00:00Z,2015
José Esteves da Conceição Mascarenhas,Q130281225,https://www.wikidata.org/wiki/Q130281225,1881-05-21T00:00:00Z,1955-12-01T00:00:00Z,2026
José Estêvão de Morais Sarmento,Q10309344,https://www.wikidata.org/wiki/Q10309344,1843-10-12T00:00:00Z,1930-02-14T00:00:00Z,2001
José Eugénio Dias Ferreira,Q10309346,https://www.wikidata.org/wiki/Q10309346,1882-11-13T00:00:00Z,1953-01-17T00:00:00Z,2024
José Fernandes da Graça e Cruz,Q10309378,https://www.wikidata.org/wiki/Q10309378,1900-01-01T00:00:00Z,1926-07-14T00:00:00Z,1997
José Fernando de Sousa,Q10309384,https://www.wikidata.org/wiki/Q10309384,1855-05-30T00:00:00Z,1942-03-12T00:00:00Z,2013
José Ferreira Guimarães,Q89538827,https://www.wikidata.org/wiki/Q89538827,1841-01-01T00:00:00Z,1924-01-01T00:00:00Z,1995
José Ferreira da Costa,Q10309399,https://www.wikidata.org/wiki/Q10309399,1850-01-01T00:00:00Z,1919-01-01T00:00:00Z,1990
José Ferreira de Macedo Pinto,Q131410912,https://www.wikidata.org/wiki/Q131410912,1814-07-15T00:00:00Z,1895-07-12T00:00:00Z,1966
José Ferreira de Pina Calado,Q10309404,https://www.wikidata.org/wiki/Q10309404,1853-09-29T00:00:00Z,1922-07-16T00:00:00Z,1993
José Figueiredo Seixas,Q17318249,https://www.wikidata.org/wiki/Q17318249,http://www.wikidata.org/.well-known/genid/8c24e7977d86fcfe381f9f0157482ae5,1773-03-26T00:00:00Z,1844
José Fiuza Guimarães,Q59160371,https://www.wikidata.org/wiki/Q59160371,1868-01-01T00:00:00Z,1949-01-01T00:00:00Z,2020
José Francisco Alves Barbosa de Bettencourt,Q23927002,https://www.wikidata.org/wiki/Q23927002,1861-02-19T00:00:00Z,1931-02-23T00:00:00Z,2002
José Francisco Correia,Q10309433,https://www.wikidata.org/wiki/Q10309433,1853-02-14T00:00:00Z,1929-04-15T00:00:00Z,2000
José Francisco Valorado (1768-1850),Q131418452,https://www.wikidata.org/wiki/Q131418452,1768-05-31T00:00:00Z,1850-03-28T00:00:00Z,1921
José Francisco de Azevedo e Silva,Q10309450,https://www.wikidata.org/wiki/Q10309450,1858-11-25T00:00:00Z,1936-01-28T00:00:00Z,2007
José Francisco de Carvalho Sanches Osório,Q10309451,https://www.wikidata.org/wiki/Q10309451,1866-11-06T00:00:00Z,1932-03-13T00:00:00Z,2003
José Francisco de Sousa,Q10309459,https://www.wikidata.org/wiki/Q10309459,1835-01-01T00:00:00Z,1907-01-01T00:00:00Z,1978
José Gerardo Ferreira de Passos,Q131301713,https://www.wikidata.org/wiki/Q131301713,1801-11-11T00:00:00Z,1870-04-12T00:00:00Z,1941
José Gerardo Vieira Peixoto de Villas-Boas,Q138330775,https://www.wikidata.org/wiki/Q138330775,1863-04-19T00:00:00Z,1913-03-28T00:00:00Z,1984
José Gomes da Silva (1853-1905),Q131177140,https://www.wikidata.org/wiki/Q131177140,1853-01-01T00:00:00Z,1905-11-01T00:00:00Z,1976
José Gomes de Almeida Branquinho,Q23778172,https://www.wikidata.org/wiki/Q23778172,1871-01-01T00:00:00Z,1916-06-12T00:00:00Z,1987
José Gonçalves Pereira dos Santos,Q110909517,https://www.wikidata.org/wiki/Q110909517,1855-12-27T00:00:00Z,1927-07-03T00:00:00Z,1998
José Gralha,Q6292372,https://www.wikidata.org/wiki/Q6292372,1905-03-14T00:00:00Z,1944-01-01T00:00:00Z,2015
José Gregório de Almeida,Q131468202,https://www.wikidata.org/wiki/Q131468202,1883-01-01T00:00:00Z,1954-01-01T00:00:00Z,2025
José Guedes Brandão de Melo,Q10309551,https://www.wikidata.org/wiki/Q10309551,1846-10-30T00:00:00Z,1919-09-23T00:00:00Z,1990
José Henriques Totta,Q24013827,https://www.wikidata.org/wiki/Q24013827,1849-01-01T00:00:00Z,1928-01-01T00:00:00Z,1999
José Inácio Paulo da Costa,Q105756491,https://www.wikidata.org/wiki/Q105756491,1862-03-01T00:00:00Z,1912-02-24T00:00:00Z,1983
José Jacinto Nunes,Q10309630,https://www.wikidata.org/wiki/Q10309630,1839-10-25T00:00:00Z,1931-11-09T00:00:00Z,2002
José Jerónimo Rodrigues Monteiro,Q10309635,https://www.wikidata.org/wiki/Q10309635,1855-02-13T00:00:00Z,1931-09-20T00:00:00Z,2002
José Joaquim,Q122932871,https://www.wikidata.org/wiki/Q122932871,1801-01-01T00:00:00Z,1846-04-22T00:00:00Z,1917
José Joaquim,Q122932871,https://www.wikidata.org/wiki/Q122932871,1802-01-01T00:00:00Z,1846-04-22T00:00:00Z,1917
José Joaquim Gomes de Vilhena,Q10309653,https://www.wikidata.org/wiki/Q10309653,1844-01-01T00:00:00Z,1925-12-24T00:00:00Z,1996
José Joaquim Lopes Praça,Q105981534,https://www.wikidata.org/wiki/Q105981534,1844-01-01T00:00:00Z,1920-01-01T00:00:00Z,1991
José Joaquim Machado,Q10309659,https://www.wikidata.org/wiki/Q10309659,1810-01-01T00:00:00Z,1886-01-01T00:00:00Z,1957
José Joaquim Nunes,Q10309666,https://www.wikidata.org/wiki/Q10309666,1859-12-04T00:00:00Z,1932-07-20T00:00:00Z,2003
José Joaquim Pacheco,Q131296575,https://www.wikidata.org/wiki/Q131296575,1792-01-01T00:00:00Z,1833-12-02T00:00:00Z,1904
José Joaquim Pinheiro,Q10309670,https://www.wikidata.org/wiki/Q10309670,1833-12-22T00:00:00Z,1894-11-21T00:00:00Z,1965
José Joaquim Pinto da Silva,Q10309669,https://www.wikidata.org/wiki/Q10309669,1835-01-06T00:00:00Z,1921-01-01T00:00:00Z,1992
José Joaquim Pinto da Silva Sacavém,Q10309672,https://www.wikidata.org/wiki/Q10309672,1863-04-02T00:00:00Z,1928-06-02T00:00:00Z,1999
José Joaquim Teixeira Lopes,Q9013951,https://www.wikidata.org/wiki/Q9013951,1837-02-25T00:00:00Z,1918-03-16T00:00:00Z,1989
José Joaquim da Costa Macedo,Q130372356,https://www.wikidata.org/wiki/Q130372356,1857-01-01T00:00:00Z,1910-04-06T00:00:00Z,1981
José Joaquim da Costa Macedo,Q130372356,https://www.wikidata.org/wiki/Q130372356,1859-01-01T00:00:00Z,1910-04-06T00:00:00Z,1981
José Joaquim da Rosa Coelho,Q131189639,https://www.wikidata.org/wiki/Q131189639,1773-09-05T00:00:00Z,1833-12-19T00:00:00Z,1904
José Joaquim da Silva Amado,Q95296792,https://www.wikidata.org/wiki/Q95296792,1840-01-01T00:00:00Z,1925-01-01T00:00:00Z,1996
José Joaquim de Castro,Q131311325,https://www.wikidata.org/wiki/Q131311325,1824-12-05T00:00:00Z,1895-11-25T00:00:00Z,1966
José Joaquim de Freitas de Almeida,Q10309691,https://www.wikidata.org/wiki/Q10309691,1858-01-14T00:00:00Z,1922-05-07T00:00:00Z,1993
José Joaquim de Paiva Cabral Couceiro,Q10309698,https://www.wikidata.org/wiki/Q10309698,1830-10-09T00:00:00Z,1916-07-19T00:00:00Z,1987
José Joaquim de Sena Freitas,Q10309700,https://www.wikidata.org/wiki/Q10309700,1840-07-27T00:00:00Z,1913-12-21T00:00:00Z,1984
José Júlio Gonçalves Coelho,Q16930188,https://www.wikidata.org/wiki/Q16930188,1866-11-20T00:00:00Z,1927-11-13T00:00:00Z,1998
José Júlio da Costa,Q10309724,https://www.wikidata.org/wiki/Q10309724,1893-10-14T00:00:00Z,1946-03-16T00:00:00Z,2017
José Júlio da Rocha Abreu,Q10309725,https://www.wikidata.org/wiki/Q10309725,1857-01-13T00:00:00Z,1938-12-07T00:00:00Z,2009
José Júlio de Bettencourt Rodrigues,Q10309728,https://www.wikidata.org/wiki/Q10309728,1843-05-08T00:00:00Z,1923-04-09T00:00:00Z,1994
José Júlio de Souza Pinto,Q3186346,https://www.wikidata.org/wiki/Q3186346,1856-09-15T00:00:00Z,1939-04-14T00:00:00Z,2010
José Lages Perestrelo de Vasconcelos,Q24013847,https://www.wikidata.org/wiki/Q24013847,1881-02-17T00:00:00Z,1935-07-28T00:00:00Z,2006
José Loureiro,Q25442877,https://www.wikidata.org/wiki/Q25442877,1880-05-01T00:00:00Z,1949-01-06T00:00:00Z,2020
José Lourenço da Natividade,Q108756741,https://www.wikidata.org/wiki/Q108756741,1860-03-24T00:00:00Z,1923-06-30T00:00:00Z,1994
José Luciano de Castro,Q321218,https://www.wikidata.org/wiki/Q321218,1834-12-14T00:00:00Z,1914-03-09T00:00:00Z,1985
José Luís Constantino Dias,Q10309828,https://www.wikidata.org/wiki/Q10309828,1855-03-19T00:00:00Z,1932-07-20T00:00:00Z,2003
José Luís Monteiro,Q1709386,https://www.wikidata.org/wiki/Q1709386,1848-10-25T00:00:00Z,1942-01-27T00:00:00Z,2013
José Luís Teixeira Marinho,Q115610856,https://www.wikidata.org/wiki/Q115610856,1880-10-12T00:00:00Z,1952-01-01T00:00:00Z,2023
José Luís de Moura Mendes,Q10309851,https://www.wikidata.org/wiki/Q10309851,1861-01-01T00:00:00Z,1918-01-01T00:00:00Z,1989
José Luís de Moura Mendes,Q10309851,https://www.wikidata.org/wiki/Q10309851,1861-01-01T00:00:00Z,1918-06-21T00:00:00Z,1989
José Luís de Moura Mendes,Q10309851,https://www.wikidata.org/wiki/Q10309851,1861-12-03T00:00:00Z,1918-01-01T00:00:00Z,1989
José Luís de Moura Mendes,Q10309851,https://www.wikidata.org/wiki/Q10309851,1861-12-03T00:00:00Z,1918-06-21T00:00:00Z,1989
José M. Benoliel,Q17277352,https://www.wikidata.org/wiki/Q17277352,1873-01-01T00:00:00Z,1932-01-01T00:00:00Z,2003
José Machado Serpa,Q10309855,https://www.wikidata.org/wiki/Q10309855,1864-03-09T00:00:00Z,1945-12-17T00:00:00Z,2016
José Magalhães Costa,Q124729147,https://www.wikidata.org/wiki/Q124729147,1890-09-18T00:00:00Z,1948-12-10T00:00:00Z,2019
José Malheiro Reimão,Q10309864,https://www.wikidata.org/wiki/Q10309864,1860-07-03T00:00:00Z,1951-01-06T00:00:00Z,2022
José Malhoa,Q720979,https://www.wikidata.org/wiki/Q720979,1855-04-28T00:00:00Z,1933-10-26T00:00:00Z,2004
José Manuel Carvalho Negreiros,Q127433307,https://www.wikidata.org/wiki/Q127433307,http://www.wikidata.org/.well-known/genid/ba1cbb389cdd933ae4c4c7fb5bb4e37a,1815-01-08T00:00:00Z,1886
José Manuel Soares,Q3437500,https://www.wikidata.org/wiki/Q3437500,1908-01-30T00:00:00Z,1931-10-24T00:00:00Z,2002
José Manuel da Silva Anacoreta,Q28890063,https://www.wikidata.org/wiki/Q28890063,1840-01-01T00:00:00Z,1914-01-01T00:00:00Z,1985
José Manuel de Elvas Cardeira,Q130372273,https://www.wikidata.org/wiki/Q130372273,1847-03-30T00:00:00Z,1914-01-12T00:00:00Z,1985
José Maria Antunes,Q117672570,https://www.wikidata.org/wiki/Q117672570,1856-05-22T00:00:00Z,1928-12-16T00:00:00Z,1999
José Maria Gomes,Q125400254,https://www.wikidata.org/wiki/Q125400254,1807-11-01T00:00:00Z,1881-08-09T00:00:00Z,1952
José Maria Pereira Forjaz de Sampaio,Q21290141,https://www.wikidata.org/wiki/Q21290141,1858-07-25T00:00:00Z,1949-01-01T00:00:00Z,2020
José Maria Pereira de Lima,Q10309969,https://www.wikidata.org/wiki/Q10309969,1853-02-17T00:00:00Z,1925-01-01T00:00:00Z,1996
José Maria Raposo do Amaral Júnior,Q10309974,https://www.wikidata.org/wiki/Q10309974,1856-01-01T00:00:00Z,1919-01-01T00:00:00Z,1990
José Maria Rodrigues,Q10309976,https://www.wikidata.org/wiki/Q10309976,1857-01-01T00:00:00Z,1942-01-20T00:00:00Z,2013
José Maria Rodrigues,Q10309976,https://www.wikidata.org/wiki/Q10309976,1857-06-27T00:00:00Z,1942-01-20T00:00:00Z,2013
José Maria Teixeira Guimarães,Q10309980,https://www.wikidata.org/wiki/Q10309980,1845-01-01T00:00:00Z,1915-01-01T00:00:00Z,1986
José Maria de Alpoim,Q10310004,https://www.wikidata.org/wiki/Q10310004,1858-06-02T00:00:00Z,1916-12-02T00:00:00Z,1987
José Maria de Magalhães,Q131308733,https://www.wikidata.org/wiki/Q131308733,1808-01-18T00:00:00Z,1869-03-13T00:00:00Z,1940
José Maria de Medeiros,Q10310014,https://www.wikidata.org/wiki/Q10310014,1849-09-03T00:00:00Z,1925-01-01T00:00:00Z,1996
José Maria de Oliveira Simões,Q131690730,https://www.wikidata.org/wiki/Q131690730,1857-05-11T00:00:00Z,1944-05-18T00:00:00Z,2015
José Maria de Queiroz Veloso,Q10310019,https://www.wikidata.org/wiki/Q10310019,1860-08-26T00:00:00Z,1952-10-31T00:00:00Z,2023
José Maria de Sousa Horta e Costa,Q6293114,https://www.wikidata.org/wiki/Q6293114,1858-10-20T00:00:00Z,1927-09-21T00:00:00Z,1998
José Maria do Espírito Santo Silva,Q48871917,https://www.wikidata.org/wiki/Q48871917,1850-05-13T00:00:00Z,1915-12-24T00:00:00Z,1986
José Maria do Espírito Santo de Almeida Correia de Sá,Q10310032,https://www.wikidata.org/wiki/Q10310032,1874-05-25T00:00:00Z,1945-07-06T00:00:00Z,2016
José Maria do Nascimento,Q10310033,https://www.wikidata.org/wiki/Q10310033,1874-07-18T00:00:00Z,1924-12-27T00:00:00Z,1995
José Maria dos Santos,Q10310039,https://www.wikidata.org/wiki/Q10310039,1831-12-01T00:00:00Z,1913-06-19T00:00:00Z,1984
José Marnoco e Sousa,Q17280347,https://www.wikidata.org/wiki/Q17280347,1869-08-29T00:00:00Z,1916-03-17T00:00:00Z,1987
José Marques Godinho,Q10296205,https://www.wikidata.org/wiki/Q10296205,1881-01-01T00:00:00Z,1947-12-24T00:00:00Z,2018
José Marques da Silva,Q357477,https://www.wikidata.org/wiki/Q357477,1869-10-18T00:00:00Z,1947-06-06T00:00:00Z,2018
José Marques de Castilho,Q10310060,https://www.wikidata.org/wiki/Q10310060,1869-01-03T00:00:00Z,1949-08-29T00:00:00Z,2020
José Marques de Loureiro,Q16930191,https://www.wikidata.org/wiki/Q16930191,1879-03-18T00:00:00Z,1940-04-19T00:00:00Z,2011
José Martinho Simões,Q16930192,https://www.wikidata.org/wiki/Q16930192,1891-10-22T00:00:00Z,1934-07-20T00:00:00Z,2005
José Matos Braamcamp,Q124034187,https://www.wikidata.org/wiki/Q124034187,1868-01-01T00:00:00Z,1953-01-01T00:00:00Z,2024
José Miguel Lamartine dos Prazeres da Costa,Q26973668,https://www.wikidata.org/wiki/Q26973668,1879-03-13T00:00:00Z,1949-05-17T00:00:00Z,2020
José Monteiro da Costa,Q10310160,https://www.wikidata.org/wiki/Q10310160,1881-10-12T00:00:00Z,1911-01-30T00:00:00Z,1982
José Moreira Rato,Q105801764,https://www.wikidata.org/wiki/Q105801764,1860-08-26T00:00:00Z,1937-01-01T00:00:00Z,2008
José Máximo Pinto da Fonseca Rangel,Q123616060,https://www.wikidata.org/wiki/Q123616060,1772-01-01T00:00:00Z,1832-03-24T00:00:00Z,1903
José Nicolau Raposo Botelho,Q23778005,https://www.wikidata.org/wiki/Q23778005,1850-12-20T00:00:00Z,1914-11-24T00:00:00Z,1985
José Nunes da Ponte,Q10310211,https://www.wikidata.org/wiki/Q10310211,1848-05-20T00:00:00Z,1924-09-05T00:00:00Z,1995
José Nunes de Figueiredo,Q105991516,https://www.wikidata.org/wiki/Q105991516,1871-12-20T00:00:00Z,1937-12-18T00:00:00Z,2008
José Pacheko,Q10310250,https://www.wikidata.org/wiki/Q10310250,1885-04-24T00:00:00Z,1934-09-28T00:00:00Z,2005
José Pacheko,Q10310250,https://www.wikidata.org/wiki/Q10310250,1885-05-24T00:00:00Z,1934-09-28T00:00:00Z,2005
José Paulo da Câmara,Q10310271,https://www.wikidata.org/wiki/Q10310271,1939-01-01T00:00:00Z,1939-01-01T00:00:00Z,2010
José Pedro Braga,Q6293696,https://www.wikidata.org/wiki/Q6293696,1871-08-03T00:00:00Z,1944-02-12T00:00:00Z,2015
José Pedro Celestino Soares,Q130855897,https://www.wikidata.org/wiki/Q130855897,1786-12-27T00:00:00Z,1874-07-06T00:00:00Z,1945
José Pedro Soares,Q10310287,https://www.wikidata.org/wiki/Q10310287,1842-03-29T00:00:00Z,1916-08-05T00:00:00Z,1987
José Pedro Soares,Q106546014,https://www.wikidata.org/wiki/Q106546014,1873-09-10T00:00:00Z,1933-12-07T00:00:00Z,2004
José Perdigão de Carvalho,Q16930195,https://www.wikidata.org/wiki/Q16930195,1862-10-10T00:00:00Z,1941-10-17T00:00:00Z,2012
José Pereira Baião,Q104099472,https://www.wikidata.org/wiki/Q104099472,1690-05-23T00:00:00Z,1743-03-08T00:00:00Z,1814
José Pereira Salgado,Q10310308,https://www.wikidata.org/wiki/Q10310308,1873-01-01T00:00:00Z,1946-01-01T00:00:00Z,2017
José Pereira Salgado,Q10310308,https://www.wikidata.org/wiki/Q10310308,1873-04-01T00:00:00Z,1946-01-01T00:00:00Z,2017
José Pereira da Cunha da Silveira e Sousa,Q10310317,https://www.wikidata.org/wiki/Q10310317,1823-12-11T00:00:00Z,1912-02-20T00:00:00Z,1983
José Pereira da Cunha da Silveira e Sousa Júnior,Q10310316,https://www.wikidata.org/wiki/Q10310316,1864-08-07T00:00:00Z,1927-03-14T00:00:00Z,1998
José Pereira dos Santos Cabral,Q16930196,https://www.wikidata.org/wiki/Q16930196,1885-09-16T00:00:00Z,1950-06-10T00:00:00Z,2021
José Pimentel Homem de Noronha,Q10310328,https://www.wikidata.org/wiki/Q10310328,1846-04-12T00:00:00Z,1933-08-28T00:00:00Z,2004
José Ramos Coelho,Q23927001,https://www.wikidata.org/wiki/Q23927001,1832-01-01T00:00:00Z,1914-01-01T00:00:00Z,1985
José Ramos Preto,Q331414,https://www.wikidata.org/wiki/Q331414,1871-01-01T00:00:00Z,1949-01-07T00:00:00Z,2020
José Relvas,Q957617,https://www.wikidata.org/wiki/Q957617,1858-03-05T00:00:00Z,1929-10-31T00:00:00Z,2000
José Ribeiro Barbosa,Q17318252,https://www.wikidata.org/wiki/Q17318252,1887-01-29T00:00:00Z,1930-02-12T00:00:00Z,2001
José Ribeiro Castanho,Q16930199,https://www.wikidata.org/wiki/Q16930199,1875-01-01T00:00:00Z,1945-01-01T00:00:00Z,2016
José Ribeiro Faria e Silva,Q10310392,https://www.wikidata.org/wiki/Q10310392,1855-01-01T00:00:00Z,1932-09-10T00:00:00Z,2003
José Ribeiro da Cunha,Q10310396,https://www.wikidata.org/wiki/Q10310396,1854-12-05T00:00:00Z,1915-05-14T00:00:00Z,1986
José Ricardo,Q105979456,https://www.wikidata.org/wiki/Q105979456,1859-02-09T00:00:00Z,1925-08-03T00:00:00Z,1996
José Rodrigues Tocha,Q85873212,https://www.wikidata.org/wiki/Q85873212,1850-09-21T00:00:00Z,1923-07-13T00:00:00Z,1994
José Rovisco Pais,Q29415693,https://www.wikidata.org/wiki/Q29415693,1862-01-01T00:00:00Z,1932-01-01T00:00:00Z,2003
José Sarmento,Q98382761,https://www.wikidata.org/wiki/Q98382761,1842-01-01T00:00:00Z,1905-02-13T00:00:00Z,1976
José Sebastião de Almeida Neto,Q941091,https://www.wikidata.org/wiki/Q941091,1841-01-20T00:00:00Z,1920-12-07T00:00:00Z,1991
José Simões de Almeida,Q10310528,https://www.wikidata.org/wiki/Q10310528,1880-06-17T00:00:00Z,1950-03-02T00:00:00Z,2021
José Simões de Almeida Júnior,Q10310529,https://www.wikidata.org/wiki/Q10310529,1844-04-24T00:00:00Z,1926-12-13T00:00:00Z,1997
José Tagarro,Q1709654,https://www.wikidata.org/wiki/Q1709654,1902-03-30T00:00:00Z,1931-07-12T00:00:00Z,2002
José Telles de Loureiro Cardoso,Q10310566,https://www.wikidata.org/wiki/Q10310566,1848-08-08T00:00:00Z,1918-01-01T00:00:00Z,1989
José Timóteo da Silva Bastos,Q106653001,https://www.wikidata.org/wiki/Q106653001,1852-01-01T00:00:00Z,1939-01-01T00:00:00Z,2010
José Tristão de Bettencourt,Q26692278,https://www.wikidata.org/wiki/Q26692278,1880-07-03T00:00:00Z,1954-11-25T00:00:00Z,2025
José Vaz de Carvalho Aires de Magalhães,Q130372441,https://www.wikidata.org/wiki/Q130372441,1884-01-01T00:00:00Z,1907-01-01T00:00:00Z,1978
José Veríssimo de Almeida,Q10310611,https://www.wikidata.org/wiki/Q10310611,1834-01-01T00:00:00Z,1915-01-01T00:00:00Z,1986
José Veríssimo de Almeida,Q10310611,https://www.wikidata.org/wiki/Q10310611,1834-01-01T00:00:00Z,1915-01-29T00:00:00Z,1986
José Veríssimo de Almeida,Q10310611,https://www.wikidata.org/wiki/Q10310611,1834-06-13T00:00:00Z,1915-01-01T00:00:00Z,1986
José Veríssimo de Almeida,Q10310611,https://www.wikidata.org/wiki/Q10310611,1834-06-13T00:00:00Z,1915-01-29T00:00:00Z,1986
José Viana da Mota,Q721465,https://www.wikidata.org/wiki/Q721465,1868-04-22T00:00:00Z,1948-05-31T00:00:00Z,2019
José Viana da Mota,Q721465,https://www.wikidata.org/wiki/Q721465,1868-04-22T00:00:00Z,1948-06-01T00:00:00Z,2019
José Vicente de Freitas,Q982204,https://www.wikidata.org/wiki/Q982204,1869-01-22T00:00:00Z,1952-09-04T00:00:00Z,2023
José Victorino de Sousa e Albuquerque,Q10310627,https://www.wikidata.org/wiki/Q10310627,1843-08-12T00:00:00Z,1916-12-30T00:00:00Z,1987
José Viegas Samorrinha,Q141163990,https://www.wikidata.org/wiki/Q141163990,1879-02-26T00:00:00Z,1941-07-19T00:00:00Z,2012
José Vieira da Areia,Q10310634,https://www.wikidata.org/wiki/Q10310634,1866-12-23T00:00:00Z,1924-09-09T00:00:00Z,1995
José Xavier Bressane Leite,Q10310664,https://www.wikidata.org/wiki/Q10310664,1780-01-01T00:00:00Z,1843-07-10T00:00:00Z,1914
José Xavier de Brito,Q10310669,https://www.wikidata.org/wiki/Q10310669,1850-01-01T00:00:00Z,1945-01-01T00:00:00Z,2016
José Zagallo Iharco,Q131362000,https://www.wikidata.org/wiki/Q131362000,1860-10-31T00:00:00Z,1910-11-05T00:00:00Z,1981
José d'Espinha,Q115298124,https://www.wikidata.org/wiki/Q115298124,1722-01-01T00:00:00Z,1788-01-01T00:00:00Z,1859
José da Silva Monteiro,Q16930201,https://www.wikidata.org/wiki/Q16930201,1867-02-05T00:00:00Z,1940-08-06T00:00:00Z,2011
José da Silva Picão,Q10310712,https://www.wikidata.org/wiki/Q10310712,1859-03-10T00:00:00Z,1922-05-18T00:00:00Z,1993
José da Silva Reis,Q124736082,https://www.wikidata.org/wiki/Q124736082,1787-01-01T00:00:00Z,1832-10-12T00:00:00Z,1903
José de Almeida,Q134997574,https://www.wikidata.org/wiki/Q134997574,1854-01-02T00:00:00Z,1921-12-18T00:00:00Z,1992
José de Almeida Eusébio,Q16930177,https://www.wikidata.org/wiki/Q16930177,1881-01-01T00:00:00Z,1945-01-01T00:00:00Z,2016
José de Almeida e Silva,Q27093767,https://www.wikidata.org/wiki/Q27093767,1864-11-15T00:00:00Z,1945-01-01T00:00:00Z,2016
José de Arriaga,Q10310755,https://www.wikidata.org/wiki/Q10310755,1848-03-08T00:00:00Z,1921-02-25T00:00:00Z,1992
José de Azevedo Castelo Branco,Q21290138,https://www.wikidata.org/wiki/Q21290138,1852-10-05T00:00:00Z,1923-03-24T00:00:00Z,1994
José de Barros e Sousa,Q10310762,https://www.wikidata.org/wiki/Q10310762,1859-03-01T00:00:00Z,1930-12-01T00:00:00Z,2001
José de Bettencourt da Silveira e Ávila Júnior,Q10310763,https://www.wikidata.org/wiki/Q10310763,1873-03-13T00:00:00Z,1936-04-17T00:00:00Z,2007
José de Bragança,Q6294377,https://www.wikidata.org/wiki/Q6294377,1720-09-08T00:00:00Z,1801-07-31T00:00:00Z,1872
José de Brito,Q10310768,https://www.wikidata.org/wiki/Q10310768,1855-02-18T00:00:00Z,1946-01-01T00:00:00Z,2017
José de Castro,Q719024,https://www.wikidata.org/wiki/Q719024,1868-04-07T00:00:00Z,1929-07-31T00:00:00Z,2000
José de Faria Pinho e Vasconcelos Soares de Albergaria,Q10310786,https://www.wikidata.org/wiki/Q10310786,1838-01-01T00:00:00Z,1915-01-01T00:00:00Z,1986
José de Figueiredo,Q10310790,https://www.wikidata.org/wiki/Q10310790,1872-12-21T00:00:00Z,1937-12-18T00:00:00Z,2008
José de Freitas Pimentel,Q10310794,https://www.wikidata.org/wiki/Q10310794,1894-02-15T00:00:00Z,1920-01-01T00:00:00Z,1991
José de Freitas Ribeiro,Q357915,https://www.wikidata.org/wiki/Q357915,1868-05-23T00:00:00Z,1929-11-03T00:00:00Z,2000
José de Lacerda,Q10310800,https://www.wikidata.org/wiki/Q10310800,1861-07-21T00:00:00Z,1911-07-12T00:00:00Z,1982
José de Matos Sobral Cid,Q10310806,https://www.wikidata.org/wiki/Q10310806,1877-06-29T00:00:00Z,1941-04-28T00:00:00Z,2012
José de Meneses de Brito,Q10310817,https://www.wikidata.org/wiki/Q10310817,1836-12-29T00:00:00Z,1912-12-16T00:00:00Z,1983
José de Oliveira Ferreira,Q10310824,https://www.wikidata.org/wiki/Q10310824,1883-01-01T00:00:00Z,1942-01-01T00:00:00Z,2013
José de Paiva Gomes,Q10310827,https://www.wikidata.org/wiki/Q10310827,1876-01-01T00:00:00Z,1933-01-01T00:00:00Z,2004
José de Sande Magalhães Mexia Salema,Q130387349,https://www.wikidata.org/wiki/Q130387349,1816-10-16T00:00:00Z,1893-12-19T00:00:00Z,1964
José de Santo António Vilaça,Q10310839,https://www.wikidata.org/wiki/Q10310839,1731-12-18T00:00:00Z,1809-08-30T00:00:00Z,1880
José de Sousa Guimarães,Q10310847,https://www.wikidata.org/wiki/Q10310847,1871-11-13T00:00:00Z,1946-06-26T00:00:00Z,2017
José do Canto,Q10310867,https://www.wikidata.org/wiki/Q10310867,1820-12-20T00:00:00Z,1898-07-10T00:00:00Z,1969
José do Espírito Santo Battaglia Ramos,Q10310868,https://www.wikidata.org/wiki/Q10310868,1875-04-04T00:00:00Z,1943-04-20T00:00:00Z,2014
José dos Reis Fisher,Q10310880,https://www.wikidata.org/wiki/Q10310880,1856-07-23T00:00:00Z,1929-04-01T00:00:00Z,2000
José d’Ascensão Guimarães,Q5946161,https://www.wikidata.org/wiki/Q5946161,1862-01-01T00:00:00Z,1922-01-01T00:00:00Z,1993
João A. Pestana de Vasconcelos,Q131467372,https://www.wikidata.org/wiki/Q131467372,1877-01-01T00:00:00Z,1954-01-01T00:00:00Z,2025
João Abel de Freitas,Q111903156,https://www.wikidata.org/wiki/Q111903156,1893-05-27T00:00:00Z,1948-09-10T00:00:00Z,2019
João Afonso de Brito,Q10310997,https://www.wikidata.org/wiki/Q10310997,1280-01-01T00:00:00Z,1342-08-02T00:00:00Z,1413
João Alberto Pereira de Azevedo Neves,Q10311014,https://www.wikidata.org/wiki/Q10311014,1877-05-12T00:00:00Z,1955-04-14T00:00:00Z,2026
João Alexandre Lopes Galvão,Q10311021,https://www.wikidata.org/wiki/Q10311021,1874-01-01T00:00:00Z,1951-08-23T00:00:00Z,2022
João Alfonso,Q735121,https://www.wikidata.org/wiki/Q735121,1481-01-01T00:00:00Z,1544-01-01T00:00:00Z,1615
João Alfonso,Q735121,https://www.wikidata.org/wiki/Q735121,1481-01-01T00:00:00Z,1557-01-01T00:00:00Z,1628
João Alfonso,Q735121,https://www.wikidata.org/wiki/Q735121,1483-01-01T00:00:00Z,1544-01-01T00:00:00Z,1615
João Alfonso,Q735121,https://www.wikidata.org/wiki/Q735121,1483-01-01T00:00:00Z,1557-01-01T00:00:00Z,1628
João Alfonso,Q735121,https://www.wikidata.org/wiki/Q735121,1484-01-01T00:00:00Z,1544-01-01T00:00:00Z,1615
João Alfonso,Q735121,https://www.wikidata.org/wiki/Q735121,1484-01-01T00:00:00Z,1557-01-01T00:00:00Z,1628
João Alves de Sá,Q104509016,https://www.wikidata.org/wiki/Q104509016,1878-07-01T00:00:00Z,1936-01-01T00:00:00Z,2007
João Antunes Guimarães,Q110161448,https://www.wikidata.org/wiki/Q110161448,1877-02-16T00:00:00Z,1951-01-11T00:00:00Z,2022
João António Cochado Martins,Q10311055,https://www.wikidata.org/wiki/Q10311055,1862-12-12T00:00:00Z,1936-08-14T00:00:00Z,2007
João António Júdice,Q17318223,https://www.wikidata.org/wiki/Q17318223,1720-01-01T00:00:00Z,1800-01-01T00:00:00Z,1871
João António das Neves,Q10311064,https://www.wikidata.org/wiki/Q10311064,1846-03-03T00:00:00Z,1929-04-23T00:00:00Z,2000
João Augusto Ferreira de Almeida,Q51882738,https://www.wikidata.org/wiki/Q51882738,1894-01-01T00:00:00Z,1917-09-16T00:00:00Z,1988
João Augusto Marques Gomes,Q10311102,https://www.wikidata.org/wiki/Q10311102,1853-02-06T00:00:00Z,1931-01-01T00:00:00Z,2002
João Augusto Ribeiro,Q10311104,https://www.wikidata.org/wiki/Q10311104,1860-11-24T00:00:00Z,1932-01-01T00:00:00Z,2003
João Augusto da Graça Barreto,Q130216397,https://www.wikidata.org/wiki/Q130216397,1845-01-01T00:00:00Z,1885-01-01T00:00:00Z,1956
João Augusto de Oliveira Muzanty,Q56072439,https://www.wikidata.org/wiki/Q56072439,1872-01-01T00:00:00Z,1937-01-01T00:00:00Z,2008
João Baptista Schiappa de Azevedo,Q55900163,https://www.wikidata.org/wiki/Q55900163,1828-06-24T00:00:00Z,1882-08-11T00:00:00Z,1953
João Baptista de Castro,Q66124300,https://www.wikidata.org/wiki/Q66124300,1844-11-01T00:00:00Z,1920-03-21T00:00:00Z,1991
João Baptista de Matos Moreira,Q111081938,https://www.wikidata.org/wiki/Q111081938,1845-01-01T00:00:00Z,1899-01-01T00:00:00Z,1970
João Belo,Q10311179,https://www.wikidata.org/wiki/Q10311179,1878-09-27T00:00:00Z,1928-01-03T00:00:00Z,1999
João Bentes Castel-Branco,Q10311181,https://www.wikidata.org/wiki/Q10311181,1850-09-21T00:00:00Z,1940-07-15T00:00:00Z,2011
João Black,Q137426335,https://www.wikidata.org/wiki/Q137426335,1872-09-28T00:00:00Z,1955-12-18T00:00:00Z,2026
João Bonança,Q10311195,https://www.wikidata.org/wiki/Q10311195,1836-01-01T00:00:00Z,1924-01-01T00:00:00Z,1995
João Bonança,Q10311195,https://www.wikidata.org/wiki/Q10311195,1836-01-01T00:00:00Z,1924-04-13T00:00:00Z,1995
João Brás de Oliveira,Q130365514,https://www.wikidata.org/wiki/Q130365514,1851-03-11T00:00:00Z,1917-09-12T00:00:00Z,1988
João Caetano de Sousa e Lacerda,Q10311236,https://www.wikidata.org/wiki/Q10311236,1829-08-14T00:00:00Z,1913-04-01T00:00:00Z,1984
João Calado Rodrigues,Q130494258,https://www.wikidata.org/wiki/Q130494258,1881-10-18T00:00:00Z,1953-10-31T00:00:00Z,2024
João Carlos Craveiro Lopes,Q10311269,https://www.wikidata.org/wiki/Q10311269,1871-03-16T00:00:00Z,1945-07-21T00:00:00Z,2016
João Carlos Pires Ferreira Chaves,Q10311279,https://www.wikidata.org/wiki/Q10311279,1882-01-01T00:00:00Z,1942-01-01T00:00:00Z,2013
João Carlos Rodrigues da Costa,Q83547810,https://www.wikidata.org/wiki/Q83547810,1843-09-07T00:00:00Z,1917-05-11T00:00:00Z,1988
João Carlos da Costa Moniz,Q10311289,https://www.wikidata.org/wiki/Q10311289,1882-05-19T00:00:00Z,1955-07-14T00:00:00Z,2026
João Carlos da Costa de Sousa de Macedo,Q10311292,https://www.wikidata.org/wiki/Q10311292,1864-10-01T00:00:00Z,1951-01-01T00:00:00Z,2022
João Carlos da Silva Nogueira,Q10311293,https://www.wikidata.org/wiki/Q10311293,1872-03-26T00:00:00Z,1954-05-20T00:00:00Z,2025
João Carlos da Silva Pita,Q10311295,https://www.wikidata.org/wiki/Q10311295,1860-05-26T00:00:00Z,1936-01-01T00:00:00Z,2007
João Catanho de Menezes,Q10311319,https://www.wikidata.org/wiki/Q10311319,1854-04-17T00:00:00Z,1942-05-16T00:00:00Z,2013
João Cesário de Lacerda,Q125833327,https://www.wikidata.org/wiki/Q125833327,1841-07-24T00:00:00Z,1903-11-22T00:00:00Z,1974
João Damas,Q10311394,https://www.wikidata.org/wiki/Q10311394,1871-01-01T00:00:00Z,1938-01-01T00:00:00Z,2009
João Dias,Q1710145,https://www.wikidata.org/wiki/Q1710145,1926-01-01T00:00:00Z,1949-01-01T00:00:00Z,2020
João Dias,Q1710145,https://www.wikidata.org/wiki/Q1710145,1926-05-01T00:00:00Z,1949-01-01T00:00:00Z,2020
João Dias,Q104534528,https://www.wikidata.org/wiki/Q104534528,1898-11-22T00:00:00Z,1955-03-08T00:00:00Z,2026
João Duarte do Sacramento,Q10311421,https://www.wikidata.org/wiki/Q10311421,1630-10-03T00:00:00Z,1686-01-10T00:00:00Z,1757
João Esteves da Veiga,Q10311438,https://www.wikidata.org/wiki/Q10311438,1397-01-01T00:00:00Z,1461-01-01T00:00:00Z,1532
João Evangelista Pinto de Magalhães,Q130245125,https://www.wikidata.org/wiki/Q130245125,1858-11-24T00:00:00Z,1939-01-01T00:00:00Z,2010
João Fernandes,Q10311462,https://www.wikidata.org/wiki/Q10311462,1854-01-01T00:00:00Z,1923-01-01T00:00:00Z,1994
João Ferreira Sardo,Q123965969,https://www.wikidata.org/wiki/Q123965969,1873-09-01T00:00:00Z,1925-12-20T00:00:00Z,1996
João Ferreira de Mesquita,Q10311487,https://www.wikidata.org/wiki/Q10311487,1861-03-01T00:00:00Z,1935-11-01T00:00:00Z,2006
João Francisco de Bragança,Q106259273,https://www.wikidata.org/wiki/Q106259273,1763-09-16T00:00:00Z,1763-10-10T00:00:00Z,1834
João Francisco de Oliveira,Q131376348,https://www.wikidata.org/wiki/Q131376348,1761-03-09T00:00:00Z,1829-12-26T00:00:00Z,1900
João Franco,Q1344985,https://www.wikidata.org/wiki/Q1344985,1855-02-14T00:00:00Z,1929-04-04T00:00:00Z,2000
João Gil,Q106477405,https://www.wikidata.org/wiki/Q106477405,1843-11-15T00:00:00Z,1915-02-10T00:00:00Z,1986
"João Gomes de Abreu, Bispo de Viseu",Q23770997,https://www.wikidata.org/wiki/Q23770997,1416-01-01T00:00:00Z,1482-02-25T00:00:00Z,1553
João Gomes de Oliveira Guimarães,Q10311564,https://www.wikidata.org/wiki/Q10311564,1853-12-29T00:00:00Z,1912-04-20T00:00:00Z,1983
João Grave,Q5769261,https://www.wikidata.org/wiki/Q5769261,1872-07-12T00:00:00Z,1934-01-01T00:00:00Z,2005
João Guilherme Mattoso da Fonseca,Q131468306,https://www.wikidata.org/wiki/Q131468306,1871-01-01T00:00:00Z,1954-01-01T00:00:00Z,2025
João Guilherme de Menezes Ferreira,Q18277752,https://www.wikidata.org/wiki/Q18277752,1889-10-26T00:00:00Z,1936-12-15T00:00:00Z,2007
João Henriques Pinheiro,Q130152432,https://www.wikidata.org/wiki/Q130152432,1881-01-01T00:00:00Z,1946-02-18T00:00:00Z,2017
João Inácio de Sousa,Q10311637,https://www.wikidata.org/wiki/Q10311637,1849-03-28T00:00:00Z,1925-04-05T00:00:00Z,1996
João Joaquim André de Freitas,Q10311647,https://www.wikidata.org/wiki/Q10311647,1860-08-10T00:00:00Z,1929-06-22T00:00:00Z,2000
João José Ferreira de Sousa,Q130737140,https://www.wikidata.org/wiki/Q130737140,1782-07-18T00:00:00Z,1855-04-08T00:00:00Z,1926
João José Pereira Dias,Q116202599,https://www.wikidata.org/wiki/Q116202599,1852-03-05T00:00:00Z,1933-04-21T00:00:00Z,2004
João José Rodrigues Leitão,Q10311679,https://www.wikidata.org/wiki/Q10311679,1843-08-20T00:00:00Z,1925-06-15T00:00:00Z,1996
João José Sinel de Cordes,Q3187308,https://www.wikidata.org/wiki/Q3187308,1867-08-18T00:00:00Z,1930-01-29T00:00:00Z,2001
João José Tavares,Q108801816,https://www.wikidata.org/wiki/Q108801816,1862-09-13T00:00:00Z,1933-02-28T00:00:00Z,2004
João José da Conceição Camoesas,Q10311684,https://www.wikidata.org/wiki/Q10311684,1887-03-13T00:00:00Z,1951-11-12T00:00:00Z,2022
João José da Silva,Q10311689,https://www.wikidata.org/wiki/Q10311689,1845-09-08T00:00:00Z,1927-08-14T00:00:00Z,1998
João José da Silva Ferreira Netto,Q10311690,https://www.wikidata.org/wiki/Q10311690,1856-03-01T00:00:00Z,1935-05-03T00:00:00Z,2006
João José de Freitas,Q10311696,https://www.wikidata.org/wiki/Q10311696,1873-05-28T00:00:00Z,1915-05-17T00:00:00Z,1986
João Lopes Martins,Q16935217,https://www.wikidata.org/wiki/Q16935217,1866-12-09T00:00:00Z,1945-03-11T00:00:00Z,2016
João Luis Ricardo,Q10311760,https://www.wikidata.org/wiki/Q10311760,1875-03-21T00:00:00Z,1929-01-01T00:00:00Z,2000
João Luís de Moura,Q23778040,https://www.wikidata.org/wiki/Q23778040,1885-01-27T00:00:00Z,1937-07-21T00:00:00Z,2008
João Lúcio Pousão Pereira,Q10311784,https://www.wikidata.org/wiki/Q10311784,1880-01-01T00:00:00Z,1918-01-01T00:00:00Z,1989
João Lúcio Pousão Pereira,Q10311784,https://www.wikidata.org/wiki/Q10311784,1880-01-01T00:00:00Z,1918-10-27T00:00:00Z,1989
João Lúcio Pousão Pereira,Q10311784,https://www.wikidata.org/wiki/Q10311784,1880-07-04T00:00:00Z,1918-01-01T00:00:00Z,1989
João Lúcio Pousão Pereira,Q10311784,https://www.wikidata.org/wiki/Q10311784,1880-07-04T00:00:00Z,1918-10-27T00:00:00Z,1989
João Lúcio de Azevedo,Q10311788,https://www.wikidata.org/wiki/Q10311788,1855-04-16T00:00:00Z,1933-11-05T00:00:00Z,2004
João Maia de Loureiro,Q23778104,https://www.wikidata.org/wiki/Q23778104,1901-01-03T00:00:00Z,1949-11-08T00:00:00Z,2020
João Manuel de Carvalho,Q131586267,https://www.wikidata.org/wiki/Q131586267,1866-01-01T00:00:00Z,1946-01-17T00:00:00Z,2017
João Marcelino Arroio,Q10311819,https://www.wikidata.org/wiki/Q10311819,1861-10-04T00:00:00Z,1930-05-18T00:00:00Z,2001
João Maria Ferreira do Amaral,Q6298248,https://www.wikidata.org/wiki/Q6298248,1876-02-14T00:00:00Z,1931-03-11T00:00:00Z,2002
João Maria Loureiro,Q21290132,https://www.wikidata.org/wiki/Q21290132,1891-12-08T00:00:00Z,1946-01-01T00:00:00Z,2017
João Maria de Aguiar,Q10311850,https://www.wikidata.org/wiki/Q10311850,1858-11-20T00:00:00Z,1935-09-22T00:00:00Z,2006
João Marques de Oliveira,Q303936,https://www.wikidata.org/wiki/Q303936,1853-08-23T00:00:00Z,1927-10-09T00:00:00Z,1998
João Martins Ribeiro,Q10311860,https://www.wikidata.org/wiki/Q10311860,1840-03-20T00:00:00Z,1926-04-24T00:00:00Z,1997
João Medeiros de Almeida,Q10311873,https://www.wikidata.org/wiki/Q10311873,1884-01-01T00:00:00Z,1943-01-01T00:00:00Z,2014
João Mendes Sachetti Barbosa,Q10311885,https://www.wikidata.org/wiki/Q10311885,1714-03-29T00:00:00Z,1774-01-01T00:00:00Z,1845
João Nepomuceno Namorado de Aguiar,Q130647722,https://www.wikidata.org/wiki/Q130647722,1876-11-13T00:00:00Z,1945-06-15T00:00:00Z,2016
"João Nunes ""Diabinho""",Q98605596,https://www.wikidata.org/wiki/Q98605596,1850-01-01T00:00:00Z,1927-01-11T00:00:00Z,1998
João Ornelas da Silva,Q10311948,https://www.wikidata.org/wiki/Q10311948,1887-01-11T00:00:00Z,1942-02-14T00:00:00Z,2013
João Ortigão Peres,Q18707763,https://www.wikidata.org/wiki/Q18707763,1872-03-13T00:00:00Z,1918-03-15T00:00:00Z,1989
João Parvi,Q23770629,https://www.wikidata.org/wiki/Q23770629,1480-01-01T00:00:00Z,1547-01-08T00:00:00Z,1618
João Paulino de Azevedo e Castro,Q6655947,https://www.wikidata.org/wiki/Q6655947,1852-02-04T00:00:00Z,1918-02-17T00:00:00Z,1989
João Paulo Freire,Q113804338,https://www.wikidata.org/wiki/Q113804338,1885-09-14T00:00:00Z,1953-01-16T00:00:00Z,2024
João Pedro Ribeiro,Q10312032,https://www.wikidata.org/wiki/Q10312032,1758-01-01T00:00:00Z,1839-01-01T00:00:00Z,1910
João Pedro Ribeiro,Q10312032,https://www.wikidata.org/wiki/Q10312032,1758-01-01T00:00:00Z,1839-01-04T00:00:00Z,1910
João Pedro Ribeiro,Q10312032,https://www.wikidata.org/wiki/Q10312032,1758-05-27T00:00:00Z,1839-01-01T00:00:00Z,1910
João Pedro Ribeiro,Q10312032,https://www.wikidata.org/wiki/Q10312032,1758-05-27T00:00:00Z,1839-01-04T00:00:00Z,1910
João Pedroso de Lima,Q130024064,https://www.wikidata.org/wiki/Q130024064,1858-03-29T00:00:00Z,1938-09-02T00:00:00Z,2009
João Penha,Q10312047,https://www.wikidata.org/wiki/Q10312047,1838-04-29T00:00:00Z,1919-02-03T00:00:00Z,1990
João Penha,Q10312047,https://www.wikidata.org/wiki/Q10312047,1839-01-01T00:00:00Z,1919-02-03T00:00:00Z,1990
João Pereira Bastos,Q110137238,https://www.wikidata.org/wiki/Q110137238,1865-01-29T00:00:00Z,1951-08-03T00:00:00Z,2022
João Pereira Dâmaso,Q10312058,https://www.wikidata.org/wiki/Q10312058,1867-05-14T00:00:00Z,1930-04-18T00:00:00Z,2001
João Pereira Forjaz de Lacerda,Q10312061,https://www.wikidata.org/wiki/Q10312061,1771-09-19T00:00:00Z,1841-10-19T00:00:00Z,1912
João Pina de Morais,Q10312078,https://www.wikidata.org/wiki/Q10312078,1889-01-01T00:00:00Z,1953-01-01T00:00:00Z,2024
João Pinheiro Chagas,Q580523,https://www.wikidata.org/wiki/Q580523,1863-09-01T00:00:00Z,1925-05-28T00:00:00Z,1996
João Ribeiro Cristino da Silva,Q10312125,https://www.wikidata.org/wiki/Q10312125,1858-01-01T00:00:00Z,1948-01-01T00:00:00Z,2019
João Ribeiro de Carvalho Braga,Q10312131,https://www.wikidata.org/wiki/Q10312131,1853-01-01T00:00:00Z,1934-01-01T00:00:00Z,2005
João Rico,Q124028789,https://www.wikidata.org/wiki/Q124028789,1895-01-01T00:00:00Z,1953-01-01T00:00:00Z,2024
João Sassetti,Q2602535,https://www.wikidata.org/wiki/Q2602535,1892-01-22T00:00:00Z,1946-05-28T00:00:00Z,2017
João Silva,Q106289100,https://www.wikidata.org/wiki/Q106289100,1869-06-20T00:00:00Z,1954-01-30T00:00:00Z,2025
João Soares Branco,Q25441564,https://www.wikidata.org/wiki/Q25441564,1863-01-01T00:00:00Z,1928-01-01T00:00:00Z,1999
João Tamagnini Barbosa,Q226023,https://www.wikidata.org/wiki/Q226023,1883-12-30T00:00:00Z,1948-12-15T00:00:00Z,2019
João Teixeira Pinto,Q15428653,https://www.wikidata.org/wiki/Q15428653,1876-03-22T00:00:00Z,1917-11-25T00:00:00Z,1988
João Teixeira de Queiroz Vaz Guedes,Q10312256,https://www.wikidata.org/wiki/Q10312256,1871-06-24T00:00:00Z,1926-03-23T00:00:00Z,1997
João Torquato Coelho Rocha,Q10312273,https://www.wikidata.org/wiki/Q10312273,1856-04-19T00:00:00Z,1938-07-23T00:00:00Z,2009
João Vaz,Q10312299,https://www.wikidata.org/wiki/Q10312299,1859-03-09T00:00:00Z,1931-02-17T00:00:00Z,2002
João Viegas de Paula Nogueira,Q47318555,https://www.wikidata.org/wiki/Q47318555,1859-06-10T00:00:00Z,1944-12-16T00:00:00Z,2015
João Vitorino Mealha,Q10312324,https://www.wikidata.org/wiki/Q10312324,1875-01-01T00:00:00Z,1946-01-01T00:00:00Z,2017
João da Câmara Leme Homem de Vasconcelos,Q130367099,https://www.wikidata.org/wiki/Q130367099,1829-01-01T00:00:00Z,1902-01-01T00:00:00Z,1973
João da Silva Correia,Q19287177,https://www.wikidata.org/wiki/Q19287177,1891-01-21T00:00:00Z,1937-06-01T00:00:00Z,2008
João de Alarcão,Q16930143,https://www.wikidata.org/wiki/Q16930143,1854-11-05T00:00:00Z,1918-09-11T00:00:00Z,1989
João de Almada e Melo,Q10312418,https://www.wikidata.org/wiki/Q10312418,1703-08-15T00:00:00Z,1786-10-30T00:00:00Z,1857
João de Almeida,Q10312420,https://www.wikidata.org/wiki/Q10312420,1873-10-05T00:00:00Z,1953-05-05T00:00:00Z,2024
João de Almeida,Q106464548,https://www.wikidata.org/wiki/Q106464548,1866-01-01T00:00:00Z,1950-01-01T00:00:00Z,2021
João de Azevedo,Q85873365,https://www.wikidata.org/wiki/Q85873365,1544-01-01T00:00:00Z,1615-01-01T00:00:00Z,1686
João de Azevedo Coutinho,Q10312430,https://www.wikidata.org/wiki/Q10312430,1865-02-03T00:00:00Z,1944-12-06T00:00:00Z,2015
João de Azevedo Coutinho,Q10312430,https://www.wikidata.org/wiki/Q10312430,1865-02-03T00:00:00Z,1944-12-07T00:00:00Z,2015
João de Benjamim Pinto,Q10312440,https://www.wikidata.org/wiki/Q10312440,1851-01-01T00:00:00Z,1914-01-01T00:00:00Z,1985
João de Bragança,Q106259119,https://www.wikidata.org/wiki/Q106259119,1762-10-20T00:00:00Z,1762-10-20T00:00:00Z,1833
João de Castro,Q10312463,https://www.wikidata.org/wiki/Q10312463,1871-08-06T00:00:00Z,1955-05-20T00:00:00Z,2026
João de Deus,Q17279262,https://www.wikidata.org/wiki/Q17279262,1883-01-01T00:00:00Z,1951-01-01T00:00:00Z,2022
João de Deus Ramos,Q10312477,https://www.wikidata.org/wiki/Q10312477,1878-04-26T00:00:00Z,1953-11-15T00:00:00Z,2024
João de Espergueira da Rocha Páris,Q124478422,https://www.wikidata.org/wiki/Q124478422,1885-11-18T00:00:00Z,1947-07-09T00:00:00Z,2018
João de Magalhães,Q10311793,https://www.wikidata.org/wiki/Q10311793,1694-01-01T00:00:00Z,1771-01-13T00:00:00Z,1842
João de Meira,Q10311919,https://www.wikidata.org/wiki/Q10311919,1881-07-31T00:00:00Z,1913-09-25T00:00:00Z,1984
João de Melo Barreto,Q10312501,https://www.wikidata.org/wiki/Q10312501,1873-06-03T00:00:00Z,1935-01-26T00:00:00Z,2006
João de Mendonça Pacheco de Melo,Q26973686,https://www.wikidata.org/wiki/Q26973686,1857-01-27T00:00:00Z,1931-01-27T00:00:00Z,2002
João de Meneses,Q10312506,https://www.wikidata.org/wiki/Q10312506,1868-04-22T00:00:00Z,1918-04-08T00:00:00Z,1989
João de Moreira,Q64733456,https://www.wikidata.org/wiki/Q64733456,1683-03-25T00:00:00Z,1747-08-13T00:00:00Z,1818
João de Moura Coutinho de Almeida Eça,Q130486643,https://www.wikidata.org/wiki/Q130486643,1872-01-01T00:00:00Z,1954-01-01T00:00:00Z,2025
João de Saldanha Oliveira Juzarte Figueira e Sousa,Q21290113,https://www.wikidata.org/wiki/Q21290113,1811-09-18T00:00:00Z,1872-08-27T00:00:00Z,1943
João de Sande Magalhães Mexia Ayres de Campos,Q47035009,https://www.wikidata.org/wiki/Q47035009,1877-05-11T00:00:00Z,1952-12-22T00:00:00Z,2023
João de Sousa Calvet de Magalhães,Q110910509,https://www.wikidata.org/wiki/Q110910509,1845-02-14T00:00:00Z,1924-01-13T00:00:00Z,1995
João de Sousa Ribeiro,Q10312546,https://www.wikidata.org/wiki/Q10312546,1840-07-08T00:00:00Z,1920-05-23T00:00:00Z,1991
João de Sousa Soares,Q10312545,https://www.wikidata.org/wiki/Q10312545,1895-01-01T00:00:00Z,1944-03-21T00:00:00Z,2015
João de Sá,Q6298471,https://www.wikidata.org/wiki/Q6298471,1401-01-01T00:00:00Z,1530-01-01T00:00:00Z,1601
João do Canto e Castro,Q878572,https://www.wikidata.org/wiki/Q878572,1862-05-19T00:00:00Z,1934-03-14T00:00:00Z,2005
João do Carmo,Q1710226,https://www.wikidata.org/wiki/Q1710226,1874-05-01T00:00:00Z,1931-04-23T00:00:00Z,2002
João dos Reis Gomes,Q98495670,https://www.wikidata.org/wiki/Q98495670,1869-01-01T00:00:00Z,1950-01-21T00:00:00Z,2021
João dos Reis das Neves,Q10312567,https://www.wikidata.org/wiki/Q10312567,1881-01-06T00:00:00Z,1946-02-24T00:00:00Z,2017
Jrodrigues,Q3186549,https://www.wikidata.org/wiki/Q3186549,1866-11-02T00:00:00Z,1934-02-07T00:00:00Z,2005
Juan Serqueira de Lima,Q15113706,https://www.wikidata.org/wiki/Q15113706,1655-01-01T00:00:00Z,1726-01-01T00:00:00Z,1797
Jules Daveau,Q15277191,https://www.wikidata.org/wiki/Q15277191,1852-02-29T00:00:00Z,1929-08-24T00:00:00Z,2000
Julião Soares de Azevedo,Q123198332,https://www.wikidata.org/wiki/Q123198332,1920-01-01T00:00:00Z,1953-04-01T00:00:00Z,2024
Justino Bivar Weinholtz,Q60482691,https://www.wikidata.org/wiki/Q60482691,1885-03-08T00:00:00Z,1954-01-01T00:00:00Z,2025
Jácome Ornelas Bruges,Q28357951,https://www.wikidata.org/wiki/Q28357951,1889-11-19T00:00:00Z,1939-01-18T00:00:00Z,2010
Jácome de Sousa Ribeiro,Q10313296,https://www.wikidata.org/wiki/Q10313296,1862-03-06T00:00:00Z,1923-03-16T00:00:00Z,1994
Júdice Fialho,Q10313350,https://www.wikidata.org/wiki/Q10313350,1859-04-17T00:00:00Z,1934-03-17T00:00:00Z,2005
Júlia Escórcio,Q108479848,https://www.wikidata.org/wiki/Q108479848,1880-01-01T00:00:00Z,1920-01-01T00:00:00Z,1991
Júlia de Cistello,Q55172645,https://www.wikidata.org/wiki/Q55172645,1853-01-01T00:00:00Z,1932-01-01T00:00:00Z,2003
Júlio Augusto Henriques,Q5396407,https://www.wikidata.org/wiki/Q5396407,1838-01-15T00:00:00Z,1928-05-07T00:00:00Z,1999
Júlio Brandão,Q10313383,https://www.wikidata.org/wiki/Q10313383,1869-08-09T00:00:00Z,1947-04-09T00:00:00Z,2018
Júlio Cardona,Q21290140,https://www.wikidata.org/wiki/Q21290140,1879-03-29T00:00:00Z,1950-04-02T00:00:00Z,2021
Júlio Câmara,Q106464657,https://www.wikidata.org/wiki/Q106464657,1876-01-01T00:00:00Z,1950-01-01T00:00:00Z,2021
Júlio Cândido Neuparth,Q22443691,https://www.wikidata.org/wiki/Q22443691,1863-03-29T00:00:00Z,1919-03-16T00:00:00Z,1990
Júlio Ernesto de Lima Duque,Q10313421,https://www.wikidata.org/wiki/Q10313421,1859-08-11T00:00:00Z,1927-03-12T00:00:00Z,1998
Júlio Ernesto de Morais Sarmento,Q128920567,https://www.wikidata.org/wiki/Q128920567,1875-12-04T00:00:00Z,1949-09-21T00:00:00Z,2020
Júlio Girão de Faria de Morais Sarmento,Q131445900,https://www.wikidata.org/wiki/Q131445900,1857-07-02T00:00:00Z,1928-10-15T00:00:00Z,1999
Júlio Gomes Pereira da Costa,Q125960868,https://www.wikidata.org/wiki/Q125960868,1853-07-08T00:00:00Z,1923-12-09T00:00:00Z,1994
Júlio Gonçalves Moreira,Q19287328,https://www.wikidata.org/wiki/Q19287328,1854-07-25T00:00:00Z,1911-10-23T00:00:00Z,1982
Júlio Lima,Q10313445,https://www.wikidata.org/wiki/Q10313445,1859-03-19T00:00:00Z,1942-11-09T00:00:00Z,2013
Júlio Martins,Q10313454,https://www.wikidata.org/wiki/Q10313454,1878-01-01T00:00:00Z,1922-05-13T00:00:00Z,1993
Júlio Ramos,Q10313472,https://www.wikidata.org/wiki/Q10313472,1868-07-21T00:00:00Z,1945-01-01T00:00:00Z,2016
Júlio Vieira do Nascimento,Q21290145,https://www.wikidata.org/wiki/Q21290145,1880-10-01T00:00:00Z,1930-01-21T00:00:00Z,2001
Júlio Xavier de Matos,Q10313489,https://www.wikidata.org/wiki/Q10313489,1856-01-26T00:00:00Z,1922-04-12T00:00:00Z,1993
Júlio Zeferino Schultz Xavier,Q10313491,https://www.wikidata.org/wiki/Q10313491,1850-10-04T00:00:00Z,1939-01-01T00:00:00Z,2010
Júlio de Castilho,Q10313493,https://www.wikidata.org/wiki/Q10313493,1840-04-30T00:00:00Z,1919-02-08T00:00:00Z,1990
Júlio de Vilhena,Q10313452,https://www.wikidata.org/wiki/Q10313452,1845-07-28T00:00:00Z,1928-12-27T00:00:00Z,1999
Karel Pott,Q6369363,https://www.wikidata.org/wiki/Q6369363,1904-08-20T00:00:00Z,1953-12-16T00:00:00Z,2024
Laura Sauvinet,Q99472389,https://www.wikidata.org/wiki/Q99472389,1876-01-01T00:00:00Z,1953-01-01T00:00:00Z,2024
Leite de Vasconcelos,Q2721769,https://www.wikidata.org/wiki/Q2721769,1858-07-07T00:00:00Z,1941-05-17T00:00:00Z,2012
Leonardo Coimbra,Q1349019,https://www.wikidata.org/wiki/Q1349019,1883-12-30T00:00:00Z,1936-01-02T00:00:00Z,2007
Leonardo Nunes,Q10317352,https://www.wikidata.org/wiki/Q10317352,1490-01-01T00:00:00Z,1554-06-30T00:00:00Z,1625
Leonardo Torriani,Q3830464,https://www.wikidata.org/wiki/Q3830464,1559-01-01T00:00:00Z,1628-01-01T00:00:00Z,1699
Leonel Gaia,Q124940772,https://www.wikidata.org/wiki/Q124940772,1871-12-04T00:00:00Z,1941-01-01T00:00:00Z,2012
Leonildo de Mendonça e Costa,Q10317399,https://www.wikidata.org/wiki/Q10317399,1849-11-05T00:00:00Z,1923-03-18T00:00:00Z,1994
Leontina de Cabral Hogan,Q10317425,https://www.wikidata.org/wiki/Q10317425,1886-01-06T00:00:00Z,1943-01-18T00:00:00Z,2014
Leopoldino Gomes Loureiro,Q23778077,https://www.wikidata.org/wiki/Q23778077,1882-01-01T00:00:00Z,1942-02-11T00:00:00Z,2013
Leopoldo Battistini,Q10317441,https://www.wikidata.org/wiki/Q10317441,1865-01-12T00:00:00Z,1936-01-01T00:00:00Z,2007
Leopoldo Battistini,Q10317441,https://www.wikidata.org/wiki/Q10317441,1865-01-12T00:00:00Z,1936-01-04T00:00:00Z,2007
Levy Marques da Costa,Q27093750,https://www.wikidata.org/wiki/Q27093750,1868-02-05T00:00:00Z,1941-06-10T00:00:00Z,2012
Liberato Pinto,Q281702,https://www.wikidata.org/wiki/Q281702,1880-09-29T00:00:00Z,1949-09-04T00:00:00Z,2020
Libânio Augusto Severo Dias de Freitas,Q10317926,https://www.wikidata.org/wiki/Q10317926,1871-09-16T00:00:00Z,1930-02-27T00:00:00Z,2001
Libânio Venâncio da Silva,Q105091317,https://www.wikidata.org/wiki/Q105091317,1854-10-29T00:00:00Z,1916-03-08T00:00:00Z,1987
"Lilian Maud Wellesley, Duchess of Wellington",Q75383435,https://www.wikidata.org/wiki/Q75383435,1885-02-03T00:00:00Z,1946-05-03T00:00:00Z,2017
Lino Ferreira,Q10318804,https://www.wikidata.org/wiki/Q10318804,1884-07-26T00:00:00Z,1939-04-29T00:00:00Z,2010
Lino Henrique Bento de Sousa,Q10318805,https://www.wikidata.org/wiki/Q10318805,1857-11-19T00:00:00Z,1921-04-13T00:00:00Z,1992
Lopo Gonçalves Bastos,Q10319722,https://www.wikidata.org/wiki/Q10319722,1800-07-31T00:00:00Z,1872-11-07T00:00:00Z,1943
Lorjó Tavares,Q10319775,https://www.wikidata.org/wiki/Q10319775,1857-01-01T00:00:00Z,1939-11-03T00:00:00Z,2010
Lourenço Correia Gomes,Q23905325,https://www.wikidata.org/wiki/Q23905325,1882-10-05T00:00:00Z,1941-11-12T00:00:00Z,2012
Lourenço Manuel Correia de Sá e Benevides,Q10319982,https://www.wikidata.org/wiki/Q10319982,1741-03-05T00:00:00Z,1798-06-06T00:00:00Z,1869
Lourenço Simões Peixinho,Q97174262,https://www.wikidata.org/wiki/Q97174262,1877-05-02T00:00:00Z,1943-03-07T00:00:00Z,2014
Lourenço de Anvers,Q104699058,https://www.wikidata.org/wiki/Q104699058,1599-01-01T00:00:00Z,1679-01-01T00:00:00Z,1750
Luciano António Pereira da Silva,Q56072432,https://www.wikidata.org/wiki/Q56072432,1864-11-21T00:00:00Z,1926-08-18T00:00:00Z,1997
Luciano Freire,Q10320300,https://www.wikidata.org/wiki/Q10320300,1864-01-01T00:00:00Z,1935-01-01T00:00:00Z,2006
Lucinda Simões,Q104322025,https://www.wikidata.org/wiki/Q104322025,1850-12-17T00:00:00Z,1928-05-21T00:00:00Z,1999
Lucinda do Carmo,Q107030349,https://www.wikidata.org/wiki/Q107030349,1861-12-15T00:00:00Z,1922-01-01T00:00:00Z,1993
Lucrécia de Arriaga,Q6698130,https://www.wikidata.org/wiki/Q6698130,1844-11-13T00:00:00Z,1927-10-15T00:00:00Z,1998
Luis Alberto Homem da Cunha Corte-Real,Q130719664,https://www.wikidata.org/wiki/Q130719664,1854-08-15T00:00:00Z,1937-04-09T00:00:00Z,2008
Luis Anglada Pinto,Q97571385,https://www.wikidata.org/wiki/Q97571385,1873-01-01T00:00:00Z,1946-01-01T00:00:00Z,2017
Luis Gonzaga de Azevedo,Q60829063,https://www.wikidata.org/wiki/Q60829063,1867-01-01T00:00:00Z,1930-01-01T00:00:00Z,2001
Luis Rafael Soyé,Q104098031,https://www.wikidata.org/wiki/Q104098031,1760-01-01T00:00:00Z,1831-01-01T00:00:00Z,1902
Luiz de Moraes Júnior,Q67353296,https://www.wikidata.org/wiki/Q67353296,1867-01-30T00:00:00Z,1955-07-15T00:00:00Z,2026
Luna de Oliveira,Q106159813,https://www.wikidata.org/wiki/Q106159813,1888-05-19T00:00:00Z,1951-11-28T00:00:00Z,2022
Lutgarda Guimarães de Caires,Q10321084,https://www.wikidata.org/wiki/Q10321084,1858-11-17T00:00:00Z,1935-03-30T00:00:00Z,2006
Luz de Almeida,Q10321183,https://www.wikidata.org/wiki/Q10321183,1867-03-25T00:00:00Z,1939-03-04T00:00:00Z,2010
Luís Alves Tomás,Q10321236,https://www.wikidata.org/wiki/Q10321236,1871-08-04T00:00:00Z,1931-12-08T00:00:00Z,2002
Luís António Bernes,Q46498229,https://www.wikidata.org/wiki/Q46498229,1865-04-07T00:00:00Z,1936-10-22T00:00:00Z,2007
Luís António Ferreira Teixeira de Vasconcelos Girão,Q16930224,https://www.wikidata.org/wiki/Q16930224,1859-08-14T00:00:00Z,1923-02-09T00:00:00Z,1994
Luís António da Costa de Sousa de Macedo,Q10321248,https://www.wikidata.org/wiki/Q10321248,1894-03-23T00:00:00Z,1952-06-07T00:00:00Z,2023
Luís António de Almeida,Q10321249,https://www.wikidata.org/wiki/Q10321249,1872-07-20T00:00:00Z,1941-04-19T00:00:00Z,2012
Luís Augusto Leitão,Q23778039,https://www.wikidata.org/wiki/Q23778039,1857-12-31T00:00:00Z,1945-08-02T00:00:00Z,2016
Luís Augusto Pimentel Pinto,Q25929932,https://www.wikidata.org/wiki/Q25929932,1843-03-06T00:00:00Z,1913-06-07T00:00:00Z,1984
"Luís Augusto Pinto de Soveral, Marquês de Soveral",Q6701003,https://www.wikidata.org/wiki/Q6701003,1851-05-28T00:00:00Z,1922-10-05T00:00:00Z,1993
Luís Bernardo Leite de Ataíde,Q10321312,https://www.wikidata.org/wiki/Q10321312,1883-04-25T00:00:00Z,1955-07-17T00:00:00Z,2026
Luís Bettencourt de Medeiros e Câmara,Q10321315,https://www.wikidata.org/wiki/Q10321315,1873-02-21T00:00:00Z,1939-06-26T00:00:00Z,2010
Luís Caetano Lobo,Q127603407,https://www.wikidata.org/wiki/Q127603407,1816-07-24T00:00:00Z,1890-11-29T00:00:00Z,1961
Luís Caetano de Castro e Almeida Pimentel de Sequeira e Abreu,Q121222056,https://www.wikidata.org/wiki/Q121222056,1841-10-25T00:00:00Z,1914-12-17T00:00:00Z,1985
Luís Cardoso Martins da Costa Macedo,Q10321330,https://www.wikidata.org/wiki/Q10321330,1836-01-01T00:00:00Z,1919-01-01T00:00:00Z,1990
Luís Cerqueira,Q10321362,https://www.wikidata.org/wiki/Q10321362,1552-01-01T00:00:00Z,1614-02-15T00:00:00Z,1685
Luís Cipriano Coelho de Magalhães,Q10321364,https://www.wikidata.org/wiki/Q10321364,1859-09-13T00:00:00Z,1935-12-14T00:00:00Z,2006
Luís Fernandes,Q10321417,https://www.wikidata.org/wiki/Q10321417,1859-01-01T00:00:00Z,1954-01-01T00:00:00Z,2025
Luís Ferreira de Figueiredo,Q10321427,https://www.wikidata.org/wiki/Q10321427,1847-05-05T00:00:00Z,1933-01-02T00:00:00Z,2004
Luís Filipe Gonzaga Pinto Rodrigues,Q108288112,https://www.wikidata.org/wiki/Q108288112,1887-01-01T00:00:00Z,1949-01-01T00:00:00Z,2020
Luís Filipe de Castro,Q25441608,https://www.wikidata.org/wiki/Q25441608,1868-07-07T00:00:00Z,1928-08-23T00:00:00Z,1999
Luís Fisher Berquó Poças Falcão,Q16930231,https://www.wikidata.org/wiki/Q16930231,1852-01-01T00:00:00Z,1913-01-01T00:00:00Z,1984
Luís Galhardo,Q20060208,https://www.wikidata.org/wiki/Q20060208,1874-12-23T00:00:00Z,1929-01-30T00:00:00Z,2000
Luís Gomes da Conceição,Q113785784,https://www.wikidata.org/wiki/Q113785784,1846-12-08T00:00:00Z,1916-09-23T00:00:00Z,1987
Luís Gonzaga Nolasco da Silva,Q131468210,https://www.wikidata.org/wiki/Q131468210,1881-01-01T00:00:00Z,1954-01-01T00:00:00Z,2025
Luís Gonzaga de Assis Teixeira de Magalhães,Q10321474,https://www.wikidata.org/wiki/Q10321474,1862-02-28T00:00:00Z,1951-05-06T00:00:00Z,2022
Luís José de Matos,Q10321512,https://www.wikidata.org/wiki/Q10321512,1860-01-03T00:00:00Z,1926-01-15T00:00:00Z,1997
Luís Keil,Q85874921,https://www.wikidata.org/wiki/Q85874921,1881-01-01T00:00:00Z,1947-01-01T00:00:00Z,2018
Luís Leitão,Q10321520,https://www.wikidata.org/wiki/Q10321520,1866-03-18T00:00:00Z,1940-05-13T00:00:00Z,2011
Luís Lopes Vieira de Castro,Q131414745,https://www.wikidata.org/wiki/Q131414745,1898-01-01T00:00:00Z,1954-01-01T00:00:00Z,2025
Luís Machado Faria e Maia da Cunha,Q48878138,https://www.wikidata.org/wiki/Q48878138,1940-01-01T00:00:00Z,1940-01-01T00:00:00Z,2011
Luís Maria de Noronha,Q135268010,https://www.wikidata.org/wiki/Q135268010,1888-03-17T00:00:00Z,1913-07-24T00:00:00Z,1984
Luís Maria de Passos da Silva,Q131468229,https://www.wikidata.org/wiki/Q131468229,1888-01-01T00:00:00Z,1954-01-01T00:00:00Z,2025
Luís Mesquita de Carvalho,Q10321560,https://www.wikidata.org/wiki/Q10321560,1868-07-08T00:00:00Z,1931-01-01T00:00:00Z,2002
Luís Simões Raposo,Q10321656,https://www.wikidata.org/wiki/Q10321656,1898-04-15T00:00:00Z,1934-05-10T00:00:00Z,2005
Luís Teixeira de Sampaio,Q94520128,https://www.wikidata.org/wiki/Q94520128,1875-01-01T00:00:00Z,1945-01-01T00:00:00Z,2016
Luís Vaz Pereira Pinto Guedes,Q6706858,https://www.wikidata.org/wiki/Q6706858,1770-08-10T00:00:00Z,1841-05-10T00:00:00Z,1912
Luís Wittnich Carrisso,Q10321691,https://www.wikidata.org/wiki/Q10321691,1886-02-14T00:00:00Z,1937-06-14T00:00:00Z,2008
Luís da Silva Ribeiro,Q10321713,https://www.wikidata.org/wiki/Q10321713,1882-12-04T00:00:00Z,1955-02-24T00:00:00Z,2026
Luís da Vasa César de Faro Nobre e Vasconcelos,Q10321717,https://www.wikidata.org/wiki/Q10321717,1804-04-27T00:00:00Z,1858-01-01T00:00:00Z,1929
Luís de Braga Júnior,Q104233401,https://www.wikidata.org/wiki/Q104233401,1850-03-26T00:00:00Z,1918-03-14T00:00:00Z,1989
Luís de Brito Monteiro Guimarães,Q131700650,https://www.wikidata.org/wiki/Q131700650,1877-01-01T00:00:00Z,1950-01-01T00:00:00Z,2021
Luís de Freitas Branco,Q555403,https://www.wikidata.org/wiki/Q555403,1890-10-12T00:00:00Z,1955-11-27T00:00:00Z,2026
Luís de Montalvor,Q691349,https://www.wikidata.org/wiki/Q691349,1891-01-31T00:00:00Z,1947-03-02T00:00:00Z,2018
Luís de Sousa e Holstein,Q10321782,https://www.wikidata.org/wiki/Q10321782,1868-02-08T00:00:00Z,1935-02-08T00:00:00Z,2006
Luís de Sá Penela,Q136720248,https://www.wikidata.org/wiki/Q136720248,1889-01-01T00:00:00Z,1955-01-01T00:00:00Z,2026
Luís do Rego Barreto da Fonseca Magalhães Pereira Leite da Costa e Silva,Q110824073,https://www.wikidata.org/wiki/Q110824073,1874-04-21T00:00:00Z,1950-12-23T00:00:00Z,2021
Luísa Susana Grande de Freitas Lomelino,Q10321814,https://www.wikidata.org/wiki/Q10321814,1875-02-15T00:00:00Z,1945-12-10T00:00:00Z,2016
Luísa de Bragança,Q4762450,https://www.wikidata.org/wiki/Q4762450,1679-01-09T00:00:00Z,1732-12-23T00:00:00Z,1803
Lúcio Alberto Pinheiro dos Santos,Q15998008,https://www.wikidata.org/wiki/Q15998008,1889-04-19T00:00:00Z,1950-11-11T00:00:00Z,2021
Lúcio Tolentino da Costa,Q112036533,https://www.wikidata.org/wiki/Q112036533,1869-12-16T00:00:00Z,1939-05-31T00:00:00Z,2010
Machado Correia,Q10322763,https://www.wikidata.org/wiki/Q10322763,1935-01-01T00:00:00Z,1935-01-01T00:00:00Z,2006
Madalena Frondoni Lacombe,Q10322889,https://www.wikidata.org/wiki/Q10322889,1857-12-14T00:00:00Z,1936-12-20T00:00:00Z,2007
Madame Brouillard,Q46848945,https://www.wikidata.org/wiki/Q46848945,1852-11-09T00:00:00Z,1925-09-04T00:00:00Z,1996
Mafalda Mouzinho de Albuquerque,Q10322984,https://www.wikidata.org/wiki/Q10322984,1874-12-09T00:00:00Z,1952-02-05T00:00:00Z,2023
Manoel Ferreira Tunes,Q117356572,https://www.wikidata.org/wiki/Q117356572,1850-01-01T00:00:00Z,1920-01-01T00:00:00Z,1991
Manoel de Andrade Figueiredo,Q121133385,https://www.wikidata.org/wiki/Q121133385,1670-01-01T00:00:00Z,1735-01-01T00:00:00Z,1806
Manuel Afonso de Espregueira,Q10323917,https://www.wikidata.org/wiki/Q10323917,1835-06-05T00:00:00Z,1917-12-28T00:00:00Z,1988
Manuel Agostinho Barreto,Q64750929,https://www.wikidata.org/wiki/Q64750929,1835-12-07T00:00:00Z,1911-06-25T00:00:00Z,1982
Manuel Agostinho Barreto,Q64750929,https://www.wikidata.org/wiki/Q64750929,1835-12-07T00:00:00Z,1911-06-26T00:00:00Z,1982
Manuel Alves Guerra,Q10323925,https://www.wikidata.org/wiki/Q10323925,1834-11-01T00:00:00Z,1910-10-15T00:00:00Z,1981
Manuel Alves de Azevedo,Q10323934,https://www.wikidata.org/wiki/Q10323934,1858-05-05T00:00:00Z,1950-07-08T00:00:00Z,2021
Manuel António Ferreira,Q10323943,https://www.wikidata.org/wiki/Q10323943,1866-06-14T00:00:00Z,1919-07-07T00:00:00Z,1990
Manuel António Ferreira Deusdado,Q10323944,https://www.wikidata.org/wiki/Q10323944,1858-01-01T00:00:00Z,1918-12-21T00:00:00Z,1989
Manuel António Ferreira Deusdado,Q10323944,https://www.wikidata.org/wiki/Q10323944,1858-04-07T00:00:00Z,1918-12-21T00:00:00Z,1989
Manuel António Lino,Q6752403,https://www.wikidata.org/wiki/Q6752403,1865-01-04T00:00:00Z,1927-06-15T00:00:00Z,1998
Manuel António Moreira Júnior,Q10323947,https://www.wikidata.org/wiki/Q10323947,1866-12-25T00:00:00Z,1953-03-18T00:00:00Z,2024
Manuel António de Almeida,Q10323950,https://www.wikidata.org/wiki/Q10323950,1860-10-06T00:00:00Z,1929-08-09T00:00:00Z,2000
Manuel António de Moura,Q10323951,https://www.wikidata.org/wiki/Q10323951,1838-03-22T00:00:00Z,1921-12-08T00:00:00Z,1992
Manuel Auguste Nunes Siza,Q84594150,https://www.wikidata.org/wiki/Q84594150,1867-01-01T00:00:00Z,1938-01-01T00:00:00Z,2009
Manuel Augusto Gaspar,Q24013838,https://www.wikidata.org/wiki/Q24013838,1843-03-25T00:00:00Z,1901-05-13T00:00:00Z,1972
Manuel Augusto Martins,Q61755108,https://www.wikidata.org/wiki/Q61755108,1867-04-10T00:00:00Z,1936-04-04T00:00:00Z,2007
Manuel Augusto Pereira e Cunha,Q10323983,https://www.wikidata.org/wiki/Q10323983,1855-01-01T00:00:00Z,1937-01-19T00:00:00Z,2008
Manuel Augusto Soares Valejo,Q10323986,https://www.wikidata.org/wiki/Q10323986,1861-11-09T00:00:00Z,1943-10-21T00:00:00Z,2014
Manuel Baptista da Cunha,Q10323992,https://www.wikidata.org/wiki/Q10323992,1843-04-16T00:00:00Z,1913-05-13T00:00:00Z,1984
Manuel Bernardo de Almeida Topinho,Q131468273,https://www.wikidata.org/wiki/Q131468273,1888-07-20T00:00:00Z,1954-11-07T00:00:00Z,2025
Manuel Campos Rueda,Q10324041,https://www.wikidata.org/wiki/Q10324041,1878-01-01T00:00:00Z,1934-07-24T00:00:00Z,2005
Manuel Cardoso de Saldanha,Q10324044,https://www.wikidata.org/wiki/Q10324044,1703-11-15T00:00:00Z,1767-03-01T00:00:00Z,1838
Manuel Cardoso do Couto,Q10324046,https://www.wikidata.org/wiki/Q10324046,1893-10-05T00:00:00Z,1953-06-04T00:00:00Z,2024
Manuel Correia de Bastos Pina,Q10324076,https://www.wikidata.org/wiki/Q10324076,1830-01-01T00:00:00Z,1913-01-01T00:00:00Z,1984
Manuel Damasceno da Costa,Q10324084,https://www.wikidata.org/wiki/Q10324084,1867-02-02T00:00:00Z,1922-01-27T00:00:00Z,1993
Manuel Dias,Q110261901,https://www.wikidata.org/wiki/Q110261901,1559-01-01T00:00:00Z,1639-01-01T00:00:00Z,1710
Manuel Dias da Silva,Q140379795,https://www.wikidata.org/wiki/Q140379795,1856-08-01T00:00:00Z,1910-01-01T00:00:00Z,1981
Manuel Emygdio da Silva,Q125511083,https://www.wikidata.org/wiki/Q125511083,1858-10-18T00:00:00Z,1936-07-15T00:00:00Z,2007
Manuel Espírito Santo Guerreiro,Q139283278,https://www.wikidata.org/wiki/Q139283278,1824-01-01T00:00:00Z,1898-01-01T00:00:00Z,1969
Manuel Ferreira da Rocha,Q129787674,https://www.wikidata.org/wiki/Q129787674,1885-11-07T00:00:00Z,1951-08-05T00:00:00Z,2022
Manuel Firmino da Costa,Q116742193,https://www.wikidata.org/wiki/Q116742193,1877-02-23T00:00:00Z,1929-01-01T00:00:00Z,2000
Manuel Fran Paxeco,Q10324137,https://www.wikidata.org/wiki/Q10324137,1874-03-09T00:00:00Z,1952-09-17T00:00:00Z,2023
Manuel Francisco Lisboa,Q10324142,https://www.wikidata.org/wiki/Q10324142,http://www.wikidata.org/.well-known/genid/17355c7ee842350480f492fe10814b7e,1767-01-01T00:00:00Z,1838
Manuel Francisco das Neves Júnior,Q10324150,https://www.wikidata.org/wiki/Q10324150,1870-02-22T00:00:00Z,1952-06-04T00:00:00Z,2023
Manuel Francisco de Vargas,Q10324153,https://www.wikidata.org/wiki/Q10324153,1849-01-01T00:00:00Z,1921-01-01T00:00:00Z,1992
Manuel Francisco do Estanco Louro,Q10324156,https://www.wikidata.org/wiki/Q10324156,1890-01-01T00:00:00Z,1953-09-21T00:00:00Z,2024
Manuel Francisco do Estanco Louro,Q10324156,https://www.wikidata.org/wiki/Q10324156,1890-09-06T00:00:00Z,1953-09-21T00:00:00Z,2024
Manuel Fratel,Q26692280,https://www.wikidata.org/wiki/Q26692280,1869-01-01T00:00:00Z,1938-10-05T00:00:00Z,2009
Manuel Garcia Monteiro,Q10324161,https://www.wikidata.org/wiki/Q10324161,1859-06-29T00:00:00Z,1913-02-07T00:00:00Z,1984
Manuel Garcia Ribeiro,Q139917585,https://www.wikidata.org/wiki/Q139917585,1860-01-01T00:00:00Z,1940-05-29T00:00:00Z,2011
Manuel Goularde,Q6752613,https://www.wikidata.org/wiki/Q6752613,1872-10-25T00:00:00Z,1944-01-01T00:00:00Z,2015
Manuel Goulart de Medeiros,Q10324183,https://www.wikidata.org/wiki/Q10324183,1861-03-24T00:00:00Z,1947-02-18T00:00:00Z,2018
Manuel Gustavo Bordalo Pinheiro,Q10324192,https://www.wikidata.org/wiki/Q10324192,1867-07-20T00:00:00Z,1920-09-08T00:00:00Z,1991
Manuel Homem da Costa Noronha,Q10324199,https://www.wikidata.org/wiki/Q10324199,1828-01-13T00:00:00Z,1897-11-05T00:00:00Z,1968
Manuel Homem de Melo da Câmara,Q10324201,https://www.wikidata.org/wiki/Q10324201,1866-01-02T00:00:00Z,1953-07-14T00:00:00Z,2024
Manuel II de Portugal,Q154308,https://www.wikidata.org/wiki/Q154308,1889-11-15T00:00:00Z,1932-07-02T00:00:00Z,2003
Manuel Jacinto Lopes,Q10324227,https://www.wikidata.org/wiki/Q10324227,1844-03-27T00:00:00Z,1935-01-01T00:00:00Z,2006
Manuel Jardim,Q10324237,https://www.wikidata.org/wiki/Q10324237,1884-11-06T00:00:00Z,1923-01-01T00:00:00Z,1994
Manuel Joaquim Alves Machado,Q16930254,https://www.wikidata.org/wiki/Q16930254,1822-02-04T00:00:00Z,1915-04-04T00:00:00Z,1986
Manuel Joaquim Dias,Q115942642,https://www.wikidata.org/wiki/Q115942642,1852-12-21T00:00:00Z,1930-01-21T00:00:00Z,2001
Manuel Joaquim Machado Rebelo,Q10324242,https://www.wikidata.org/wiki/Q10324242,1834-03-29T00:00:00Z,1930-09-24T00:00:00Z,2001
Manuel Joaquim de Sousa,Q18473906,https://www.wikidata.org/wiki/Q18473906,1883-11-24T00:00:00Z,1944-02-27T00:00:00Z,2015
Manuel Jorge Forbes de Bessa,Q24013840,https://www.wikidata.org/wiki/Q24013840,1864-08-24T00:00:00Z,1934-07-17T00:00:00Z,2005
Manuel José Carneiro,Q125033786,https://www.wikidata.org/wiki/Q125033786,1804-01-01T00:00:00Z,1865-01-01T00:00:00Z,1936
Manuel José Gomes,Q10324274,https://www.wikidata.org/wiki/Q10324274,1839-02-21T00:00:00Z,1911-11-19T00:00:00Z,1982
Manuel José Martins Capela,Q94543361,https://www.wikidata.org/wiki/Q94543361,1842-10-28T00:00:00Z,1925-01-01T00:00:00Z,1996
Manuel José Martins Capela,Q94543361,https://www.wikidata.org/wiki/Q94543361,1842-10-28T00:00:00Z,1925-03-06T00:00:00Z,1996
Manuel José Martins Capela,Q94543361,https://www.wikidata.org/wiki/Q94543361,1842-01-01T00:00:00Z,1925-01-01T00:00:00Z,1996
Manuel José Martins Capela,Q94543361,https://www.wikidata.org/wiki/Q94543361,1842-01-01T00:00:00Z,1925-03-06T00:00:00Z,1996
Manuel José Oliveira,Q21290158,https://www.wikidata.org/wiki/Q21290158,1877-03-23T00:00:00Z,1918-01-05T00:00:00Z,1989
Manuel José da Silva,Q10324292,https://www.wikidata.org/wiki/Q10324292,1892-08-19T00:00:00Z,1935-05-08T00:00:00Z,2006
Manuel João Paulo Rocha,Q10324309,https://www.wikidata.org/wiki/Q10324309,1856-06-24T00:00:00Z,1918-10-15T00:00:00Z,1989
Manuel Lacerda de Almeida,Q10324313,https://www.wikidata.org/wiki/Q10324313,1890-03-15T00:00:00Z,1955-01-01T00:00:00Z,2026
Manuel Laranjeira,Q10324314,https://www.wikidata.org/wiki/Q10324314,1877-09-17T00:00:00Z,1912-02-22T00:00:00Z,1983
Manuel Luís Coelho da Silva,Q10324335,https://www.wikidata.org/wiki/Q10324335,1859-03-26T00:00:00Z,1936-03-01T00:00:00Z,2007
Manuel Luís Figueiredo,Q104547167,https://www.wikidata.org/wiki/Q104547167,1861-01-01T00:00:00Z,1927-01-01T00:00:00Z,1998
Manuel Luís Vieira,Q10324337,https://www.wikidata.org/wiki/Q10324337,1885-06-21T00:00:00Z,1952-08-23T00:00:00Z,2023
Manuel Lírio,Q124034512,https://www.wikidata.org/wiki/Q124034512,1881-01-01T00:00:00Z,1953-01-01T00:00:00Z,2024
Manuel Madeira Telles,Q26692271,https://www.wikidata.org/wiki/Q26692271,1872-01-31T00:00:00Z,1945-01-01T00:00:00Z,2016
Manuel Maia Magalhães,Q109857681,https://www.wikidata.org/wiki/Q109857681,1881-02-07T00:00:00Z,1932-10-12T00:00:00Z,2003
Manuel Maria Coelho,Q357731,https://www.wikidata.org/wiki/Q357731,1857-03-01T00:00:00Z,1943-01-10T00:00:00Z,2014
Manuel Maria Rodrigues,Q109586139,https://www.wikidata.org/wiki/Q109586139,1847-01-01T00:00:00Z,1899-01-01T00:00:00Z,1970
Manuel Maria da Silva Bruschy,Q113678974,https://www.wikidata.org/wiki/Q113678974,1813-12-15T00:00:00Z,1873-09-12T00:00:00Z,1944
Manuel Maria da Terra Brum,Q21665017,https://www.wikidata.org/wiki/Q21665017,1825-02-02T00:00:00Z,1905-07-11T00:00:00Z,1976
Manuel Maria de Macedo,Q17318277,https://www.wikidata.org/wiki/Q17318277,1839-05-01T00:00:00Z,1915-01-01T00:00:00Z,1986
Manuel Maria de Oliveira Ramos,Q28678062,https://www.wikidata.org/wiki/Q28678062,1862-01-01T00:00:00Z,1931-01-01T00:00:00Z,2002
Manuel Marques Gomes,Q10324365,https://www.wikidata.org/wiki/Q10324365,1867-11-15T00:00:00Z,1932-01-18T00:00:00Z,2003
Manuel Mendes da Conceição Santos,Q10324385,https://www.wikidata.org/wiki/Q10324385,1876-12-13T00:00:00Z,1955-03-30T00:00:00Z,2026
Manuel Monteiro,Q104629513,https://www.wikidata.org/wiki/Q104629513,1879-01-01T00:00:00Z,1952-01-01T00:00:00Z,2023
Manuel Monteiro,Q104629513,https://www.wikidata.org/wiki/Q104629513,1879-01-01T00:00:00Z,1952-01-18T00:00:00Z,2023
Manuel Monteiro,Q104629513,https://www.wikidata.org/wiki/Q104629513,1879-09-29T00:00:00Z,1952-01-01T00:00:00Z,2023
Manuel Monteiro,Q104629513,https://www.wikidata.org/wiki/Q104629513,1879-09-29T00:00:00Z,1952-01-18T00:00:00Z,2023
Manuel Monteiro Velho Arruda,Q10324393,https://www.wikidata.org/wiki/Q10324393,1873-12-05T00:00:00Z,1950-11-24T00:00:00Z,2021
Manuel Moral y Vega,Q6752750,https://www.wikidata.org/wiki/Q6752750,1865-03-16T00:00:00Z,1913-11-07T00:00:00Z,1984
Manuel Nunes,Q21850546,https://www.wikidata.org/wiki/Q21850546,1843-06-14T00:00:00Z,1922-07-09T00:00:00Z,1993
Manuel Nunes da Silva,Q106675043,https://www.wikidata.org/wiki/Q106675043,1700-01-01T00:00:00Z,1704-07-01T00:00:00Z,1775
Manuel Patrício Álvares,Q58070295,https://www.wikidata.org/wiki/Q58070295,1813-03-31T00:00:00Z,1878-12-22T00:00:00Z,1949
Manuel Paulo de Sousa Gentil,Q10324415,https://www.wikidata.org/wiki/Q10324415,1870-01-01T00:00:00Z,1937-01-01T00:00:00Z,2008
Manuel Pedro Furtado de Almeida,Q109377105,https://www.wikidata.org/wiki/Q109377105,1844-01-01T00:00:00Z,1914-01-01T00:00:00Z,1985
Manuel Pereira Cabral de Lacerda,Q109615848,https://www.wikidata.org/wiki/Q109615848,1860-01-01T00:00:00Z,1914-08-23T00:00:00Z,1985
Manuel Pimentel,Q20890611,https://www.wikidata.org/wiki/Q20890611,1650-03-10T00:00:00Z,1719-04-19T00:00:00Z,1790
Manuel Pio Correia,Q82313,https://www.wikidata.org/wiki/Q82313,1874-01-01T00:00:00Z,1934-01-01T00:00:00Z,2005
Manuel Queiróz,Q6752817,https://www.wikidata.org/wiki/Q6752817,1883-01-01T00:00:00Z,1950-01-01T00:00:00Z,2021
Manuel Rafael Gorjão,Q10324455,https://www.wikidata.org/wiki/Q10324455,1846-04-24T00:00:00Z,1918-09-22T00:00:00Z,1989
Manuel Ribeiro,Q85875153,https://www.wikidata.org/wiki/Q85875153,1878-01-01T00:00:00Z,1941-11-27T00:00:00Z,2012
Manuel Ribeiro Alegre,Q10324458,https://www.wikidata.org/wiki/Q10324458,1881-01-31T00:00:00Z,1940-12-14T00:00:00Z,2011
Manuel Rodrigues Júnior,Q10324475,https://www.wikidata.org/wiki/Q10324475,1889-07-06T00:00:00Z,1946-03-02T00:00:00Z,2017
Manuel Roque Gameiro,Q10324482,https://www.wikidata.org/wiki/Q10324482,1892-01-01T00:00:00Z,1944-09-25T00:00:00Z,2015
Manuel Sieuve Zagalo Nogueira,Q10324492,https://www.wikidata.org/wiki/Q10324492,1843-07-13T00:00:00Z,1917-03-29T00:00:00Z,1988
Manuel Teixeira Gomes,Q878532,https://www.wikidata.org/wiki/Q878532,1860-05-27T00:00:00Z,1941-10-18T00:00:00Z,2012
Manuel Veloso de Armelim Júnior,Q10324532,https://www.wikidata.org/wiki/Q10324532,1857-02-01T00:00:00Z,1935-10-04T00:00:00Z,2006
Manuel Vieira Mendes da Silva,Q10324542,https://www.wikidata.org/wiki/Q10324542,1862-09-28T00:00:00Z,1922-10-14T00:00:00Z,1993
Manuel Vieira Natividade,Q1891758,https://www.wikidata.org/wiki/Q1891758,1860-04-20T00:00:00Z,1918-02-20T00:00:00Z,1989
Manuel Vieira de Matos,Q10324548,https://www.wikidata.org/wiki/Q10324548,1861-03-22T00:00:00Z,1932-09-28T00:00:00Z,2003
Manuel Vilar,Q10324549,https://www.wikidata.org/wiki/Q10324549,1903-09-14T00:00:00Z,1941-03-07T00:00:00Z,2012
Manuel Vitorino de Bettencourt,Q10324553,https://www.wikidata.org/wiki/Q10324553,1866-10-28T00:00:00Z,1937-01-08T00:00:00Z,2008
Manuel da Cruz Pereira Coutinho,Q111081933,https://www.wikidata.org/wiki/Q111081933,1808-01-01T00:00:00Z,1880-01-01T00:00:00Z,1951
Manuel da Câmara Velho Melo Cabral,Q10324580,https://www.wikidata.org/wiki/Q10324580,1869-09-04T00:00:00Z,1939-09-04T00:00:00Z,2010
Manuel da Silva Gaio,Q10324592,https://www.wikidata.org/wiki/Q10324592,1860-01-01T00:00:00Z,1934-01-01T00:00:00Z,2005
Manuel da Silva Mendes,Q10324597,https://www.wikidata.org/wiki/Q10324597,1867-10-23T00:00:00Z,1931-12-30T00:00:00Z,2002
Manuel da Terra Pereira Viana,Q17318274,https://www.wikidata.org/wiki/Q17318274,1856-01-18T00:00:00Z,1935-01-01T00:00:00Z,2006
Manuel de Almeida e Sousa de Lobão,Q139094533,https://www.wikidata.org/wiki/Q139094533,1745-03-19T00:00:00Z,1817-12-31T00:00:00Z,1888
Manuel de Arriaga,Q286764,https://www.wikidata.org/wiki/Q286764,1840-06-08T00:00:00Z,1917-03-05T00:00:00Z,1988
Manuel de Arriaga,Q286764,https://www.wikidata.org/wiki/Q286764,1840-07-08T00:00:00Z,1917-03-05T00:00:00Z,1988
Manuel de Azevedo da Cunha,Q10324622,https://www.wikidata.org/wiki/Q10324622,1861-01-01T00:00:00Z,1937-08-13T00:00:00Z,2008
Manuel de Brito Camacho,Q592827,https://www.wikidata.org/wiki/Q592827,1862-02-12T00:00:00Z,1934-09-19T00:00:00Z,2005
Manuel de Carvalho,Q115683994,https://www.wikidata.org/wiki/Q115683994,1934-01-01T00:00:00Z,1952-01-01T00:00:00Z,2023
Manuel de Castro Pereira,Q131719579,https://www.wikidata.org/wiki/Q131719579,1778-10-14T00:00:00Z,1863-08-16T00:00:00Z,1934
Manuel de Góis,Q120819422,https://www.wikidata.org/wiki/Q120819422,1543-01-01T00:00:00Z,1597-01-01T00:00:00Z,1668
Manuel de Góis,Q120819422,https://www.wikidata.org/wiki/Q120819422,1543-01-01T00:00:00Z,1597-02-13T00:00:00Z,1668
Manuel de Melo e Simas,Q10324656,https://www.wikidata.org/wiki/Q10324656,1870-07-10T00:00:00Z,1934-08-10T00:00:00Z,2005
Manuel de Mesquita,Q10324665,https://www.wikidata.org/wiki/Q10324665,1879-01-17T00:00:00Z,1944-03-22T00:00:00Z,2015
Manuel de Olim Perestrelo,Q46501271,https://www.wikidata.org/wiki/Q46501271,1854-09-28T00:00:00Z,1929-04-11T00:00:00Z,2000
Manuel de Oliveira Gomes da Costa,Q470961,https://www.wikidata.org/wiki/Q470961,1863-01-14T00:00:00Z,1929-12-17T00:00:00Z,2000
Manuel de Saldanha,Q10324672,https://www.wikidata.org/wiki/Q10324672,1620-01-01T00:00:00Z,1671-12-26T00:00:00Z,1742
Manuel de Saldanha da Gama e Torres Guedes de Brito,Q110521221,https://www.wikidata.org/wiki/Q110521221,1793-03-01T00:00:00Z,1852-05-30T00:00:00Z,1923
Manuel de Sousa Avides,Q10324681,https://www.wikidata.org/wiki/Q10324681,1854-09-19T00:00:00Z,1920-09-03T00:00:00Z,1991
Manuel de Sousa Pinto,Q110137311,https://www.wikidata.org/wiki/Q110137311,1880-01-01T00:00:00Z,1934-06-07T00:00:00Z,2005
Manuel de Sousa da Câmara,Q10324686,https://www.wikidata.org/wiki/Q10324686,1871-11-18T00:00:00Z,1955-04-23T00:00:00Z,2026
Manuel de Sousa e Meneses,Q10324685,https://www.wikidata.org/wiki/Q10324685,1630-01-01T00:00:00Z,1684-01-31T00:00:00Z,1755
"Manuel, Príncipe de Portugal",Q2627070,https://www.wikidata.org/wiki/Q2627070,1531-11-11T00:00:00Z,1537-04-14T00:00:00Z,1608
Manuela Porto,Q105105295,https://www.wikidata.org/wiki/Q105105295,1908-04-28T00:00:00Z,1950-07-07T00:00:00Z,2021
Marcelino Carlos,Q61000738,https://www.wikidata.org/wiki/Q61000738,1875-04-03T00:00:00Z,1945-11-08T00:00:00Z,2016
Marcelino Franco,Q10325007,https://www.wikidata.org/wiki/Q10325007,1871-04-17T00:00:00Z,1955-12-03T00:00:00Z,2026
Marcelino Mesquita,Q10325012,https://www.wikidata.org/wiki/Q10325012,1856-01-01T00:00:00Z,1919-01-01T00:00:00Z,1990
Marcelino Mesquita,Q10325012,https://www.wikidata.org/wiki/Q10325012,1856-01-01T00:00:00Z,1919-06-07T00:00:00Z,1990
Marcelino Mesquita,Q10325012,https://www.wikidata.org/wiki/Q10325012,1856-09-01T00:00:00Z,1919-01-01T00:00:00Z,1990
Marcelino Mesquita,Q10325012,https://www.wikidata.org/wiki/Q10325012,1856-09-01T00:00:00Z,1919-06-07T00:00:00Z,1990
Marcos Garin,Q137399376,https://www.wikidata.org/wiki/Q137399376,1875-01-01T00:00:00Z,1955-01-01T00:00:00Z,2026
Marcos de Lisboa,Q6770515,https://www.wikidata.org/wiki/Q6770515,1511-01-01T00:00:00Z,1591-09-13T00:00:00Z,1662
Margarida Andresen da Costa Roma Machado,Q131468295,https://www.wikidata.org/wiki/Q131468295,1927-01-01T00:00:00Z,1954-01-01T00:00:00Z,2025
Margarida Relvas,Q137994149,https://www.wikidata.org/wiki/Q137994149,1867-02-19T00:00:00Z,1930-01-01T00:00:00Z,2001
Maria Adelaide Coelho da Cunha,Q99803134,https://www.wikidata.org/wiki/Q99803134,1869-10-03T00:00:00Z,1954-11-23T00:00:00Z,2025
Maria Adelaide Diogo de Freitas Gonçalves,Q131547471,https://www.wikidata.org/wiki/Q131547471,1893-11-25T00:00:00Z,1955-04-03T00:00:00Z,2026
Maria Adelaide Fernandes Prata,Q110137320,https://www.wikidata.org/wiki/Q110137320,1822-07-08T00:00:00Z,1881-03-22T00:00:00Z,1952
Maria Alves,Q113681972,https://www.wikidata.org/wiki/Q113681972,1897-01-01T00:00:00Z,1926-03-31T00:00:00Z,1997
Maria Amália Vaz de Carvalho,Q6760996,https://www.wikidata.org/wiki/Q6760996,1847-02-02T00:00:00Z,1921-03-24T00:00:00Z,1992
"Maria Ana de Bragança, Grã-duquesa do Luxemburgo",Q234895,https://www.wikidata.org/wiki/Q234895,1861-07-13T00:00:00Z,1942-07-31T00:00:00Z,2013
Maria Anna Acciaioli Tamagnini,Q67201816,https://www.wikidata.org/wiki/Q67201816,1900-07-23T00:00:00Z,1933-07-05T00:00:00Z,2004
Maria Augusta Bordalo Pinheiro,Q94994266,https://www.wikidata.org/wiki/Q94994266,1840-11-14T00:00:00Z,1915-10-22T00:00:00Z,1986
Maria Benedita Mouzinho de Albuquerque Pinho,Q61000747,https://www.wikidata.org/wiki/Q61000747,1864-01-01T00:00:00Z,1939-01-12T00:00:00Z,2010
Maria Benedita Mouzinho de Albuquerque Pinho,Q61000747,https://www.wikidata.org/wiki/Q61000747,1865-04-12T00:00:00Z,1939-01-12T00:00:00Z,2010
Maria Cecília Aillaud,Q131192996,https://www.wikidata.org/wiki/Q131192996,1780-11-17T00:00:00Z,1857-07-29T00:00:00Z,1928
Maria Celina Sauvayre da Câmara,Q50404864,https://www.wikidata.org/wiki/Q50404864,1856-09-01T00:00:00Z,1929-01-01T00:00:00Z,2000
Maria Clara Correia Alves,Q88469577,https://www.wikidata.org/wiki/Q88469577,1869-05-03T00:00:00Z,1948-02-02T00:00:00Z,2019
Maria Clementina Sá,Q10293940,https://www.wikidata.org/wiki/Q10293940,1897-01-01T00:00:00Z,1947-01-01T00:00:00Z,2018
Maria Constança da Câmara,Q138465530,https://www.wikidata.org/wiki/Q138465530,1801-07-13T00:00:00Z,1860-09-11T00:00:00Z,1931
Maria Cândida Parreira,Q16593026,https://www.wikidata.org/wiki/Q16593026,1877-01-16T00:00:00Z,1942-07-28T00:00:00Z,2013
Maria Domingas Luísa de Sousa Coutinho,Q137426321,https://www.wikidata.org/wiki/Q137426321,1862-01-01T00:00:00Z,1955-01-01T00:00:00Z,2026
Maria Eduarda Barjona de Freitas,Q110940543,https://www.wikidata.org/wiki/Q110940543,1882-09-13T00:00:00Z,1952-07-18T00:00:00Z,2023
Maria Eugénia de Canavial,Q50386758,https://www.wikidata.org/wiki/Q50386758,1863-09-17T00:00:00Z,1945-01-21T00:00:00Z,2016
Maria Evelina de Sousa,Q31108983,https://www.wikidata.org/wiki/Q31108983,1879-01-01T00:00:00Z,1946-02-12T00:00:00Z,2017
Maria Feio,Q124667028,https://www.wikidata.org/wiki/Q124667028,1870-01-01T00:00:00Z,1939-01-01T00:00:00Z,2010
Maria Francisca Borges de Medeiros Dias da Câmara,Q10325856,https://www.wikidata.org/wiki/Q10325856,1860-01-20T00:00:00Z,1945-01-10T00:00:00Z,2016
Maria Germana de Castro Pereira,Q117349647,https://www.wikidata.org/wiki/Q117349647,1860-06-19T00:00:00Z,1954-11-05T00:00:00Z,2025
Maria Giudice,Q61454326,https://www.wikidata.org/wiki/Q61454326,1870-06-12T00:00:00Z,1953-06-17T00:00:00Z,2024
Maria Guilhermina Mesquita Pimentel,Q10325874,https://www.wikidata.org/wiki/Q10325874,1839-12-12T00:00:00Z,1907-07-07T00:00:00Z,1978
Maria José de Bragança,Q242180,https://www.wikidata.org/wiki/Q242180,1857-03-19T00:00:00Z,1943-03-11T00:00:00Z,2014
Maria José de França Gomes de Bettencourt da Câmara,Q112188929,https://www.wikidata.org/wiki/Q112188929,http://www.wikidata.org/.well-known/genid/7fa4d4ba112c921ccfe423bde6b13dd1,1928-05-22T00:00:00Z,1999
Maria Lemos de Magalhães,Q137940873,https://www.wikidata.org/wiki/Q137940873,1863-02-11T00:00:00Z,1949-11-15T00:00:00Z,2020
Maria Leonor Munró dos Anjos,Q138465465,https://www.wikidata.org/wiki/Q138465465,1872-01-01T00:00:00Z,1940-01-01T00:00:00Z,2011
Maria Madalena de Martel Patrício,Q16773621,https://www.wikidata.org/wiki/Q16773621,1884-04-19T00:00:00Z,1947-11-03T00:00:00Z,2018
Maria Magdalena Pinheiro Nogueira,Q10326014,https://www.wikidata.org/wiki/Q10326014,1862-01-01T00:00:00Z,1925-03-17T00:00:00Z,1996
Maria Martins de Ataíde,Q132183462,https://www.wikidata.org/wiki/Q132183462,1210-01-01T00:00:00Z,1286-01-01T00:00:00Z,1357
Maria Matos,Q10326028,https://www.wikidata.org/wiki/Q10326028,1886-09-29T00:00:00Z,1952-09-19T00:00:00Z,2023
Maria O'Neill,Q6761467,https://www.wikidata.org/wiki/Q6761467,1873-11-19T00:00:00Z,1932-03-23T00:00:00Z,2003
Maria Olga de Moraes Sarmento da Silveira,Q10326039,https://www.wikidata.org/wiki/Q10326039,1881-05-26T00:00:00Z,1948-01-01T00:00:00Z,2019
Maria Olga de Moraes Sarmento da Silveira,Q10326039,https://www.wikidata.org/wiki/Q10326039,1881-05-26T00:00:00Z,1948-10-17T00:00:00Z,2019
Maria Pacheco Leitão,Q10326044,https://www.wikidata.org/wiki/Q10326044,1869-10-10T00:00:00Z,1936-11-28T00:00:00Z,2007
Maria Paula de Azevedo,Q110271507,https://www.wikidata.org/wiki/Q110271507,1881-01-01T00:00:00Z,1951-01-01T00:00:00Z,2022
Maria Peregrina de Souza,Q111081944,https://www.wikidata.org/wiki/Q111081944,1809-02-13T00:00:00Z,1894-11-16T00:00:00Z,1965
Maria Pia de Almeida,Q106378436,https://www.wikidata.org/wiki/Q106378436,1862-06-22T00:00:00Z,1940-01-18T00:00:00Z,2011
Maria Pia de Saboia,Q238487,https://www.wikidata.org/wiki/Q238487,1847-10-16T00:00:00Z,1911-07-05T00:00:00Z,1982
Maria Rita de Bragança,Q6761530,https://www.wikidata.org/wiki/Q6761530,1731-05-22T00:00:00Z,1808-11-27T00:00:00Z,1879
Maria Rosa Xavier de Melo e Castro Ataíde Costa Mendonça e Sousa,Q10326071,https://www.wikidata.org/wiki/Q10326071,1811-12-31T00:00:00Z,1884-01-28T00:00:00Z,1955
Maria Teodora Pimentel,Q17280048,https://www.wikidata.org/wiki/Q17280048,1865-09-11T00:00:00Z,1948-11-16T00:00:00Z,2019
Maria Teresa de Bragança,Q4281713,https://www.wikidata.org/wiki/Q4281713,1881-01-26T00:00:00Z,1945-01-17T00:00:00Z,2016
"Maria Teresa de Bragança, arquiduquesa da Áustria",Q237358,https://www.wikidata.org/wiki/Q237358,1855-08-24T00:00:00Z,1944-02-12T00:00:00Z,2015
Maria Teresa de Faria e Melo,Q10326100,https://www.wikidata.org/wiki/Q10326100,1871-07-07T00:00:00Z,1929-11-03T00:00:00Z,2000
Maria Veleda,Q10326110,https://www.wikidata.org/wiki/Q10326110,1871-02-26T00:00:00Z,1955-04-08T00:00:00Z,2026
Maria Vitória,Q125198932,https://www.wikidata.org/wiki/Q125198932,1888-03-13T00:00:00Z,1915-04-30T00:00:00Z,1986
Maria da Cunha,Q10326127,https://www.wikidata.org/wiki/Q10326127,1872-10-19T00:00:00Z,1917-01-10T00:00:00Z,1988
Maria da Felicidade do Couto Browne,Q107127786,https://www.wikidata.org/wiki/Q107127786,1797-01-10T00:00:00Z,1861-11-08T00:00:00Z,1932
Maria das Dores,Q106504425,https://www.wikidata.org/wiki/Q106504425,1843-06-11T00:00:00Z,1928-01-27T00:00:00Z,1999
Maria das Dores Cabeçadas,Q106869032,https://www.wikidata.org/wiki/Q106869032,1878-01-06T00:00:00Z,1949-12-22T00:00:00Z,2020
Maria das Neves de Bragança,Q257519,https://www.wikidata.org/wiki/Q257519,1852-08-05T00:00:00Z,1941-02-14T00:00:00Z,2012
"Maria de Azevedo, senhora da honra e torre de Silva",Q132993477,https://www.wikidata.org/wiki/Q132993477,1417-01-01T00:00:00Z,1453-01-01T00:00:00Z,1524
Maria de Lourdes de Mattos Braamcamp,Q133613032,https://www.wikidata.org/wiki/Q133613032,1899-01-01T00:00:00Z,1933-01-01T00:00:00Z,2004
Maria do Carmo Xavier Braga,Q106873447,https://www.wikidata.org/wiki/Q106873447,1841-11-14T00:00:00Z,1911-09-14T00:00:00Z,1982
Maria do Céu da Silva Mendes,Q17280361,https://www.wikidata.org/wiki/Q17280361,1847-03-25T00:00:00Z,1933-04-15T00:00:00Z,2004
Maria dos Prazeres Bessa Pais,Q28973906,https://www.wikidata.org/wiki/Q28973906,1867-12-29T00:00:00Z,1945-09-14T00:00:00Z,2016
Mariana Belmira de Andrade,Q10326211,https://www.wikidata.org/wiki/Q10326211,1844-12-31T00:00:00Z,1921-02-17T00:00:00Z,1992
Mariana Osório de Castro,Q66124267,https://www.wikidata.org/wiki/Q66124267,1842-06-15T00:00:00Z,1917-11-17T00:00:00Z,1988
Mariana Quintas,Q10326244,https://www.wikidata.org/wiki/Q10326244,1860-01-01T00:00:00Z,1920-01-01T00:00:00Z,1991
Mariana Relvas,Q139367840,https://www.wikidata.org/wiki/Q139367840,1862-01-01T00:00:00Z,1952-01-01T00:00:00Z,2023
Mariana do Canto e Castro,Q29415629,https://www.wikidata.org/wiki/Q29415629,1865-06-13T00:00:00Z,1946-01-18T00:00:00Z,2017
Mariano Augusto Machado de Faria e Maia,Q10326275,https://www.wikidata.org/wiki/Q10326275,1843-01-01T00:00:00Z,1917-01-01T00:00:00Z,1988
Mariano Martins,Q10326289,https://www.wikidata.org/wiki/Q10326289,1880-12-08T00:00:00Z,1943-05-22T00:00:00Z,2014
Marie Anne Brélaz,Q128020636,https://www.wikidata.org/wiki/Q128020636,1807-02-27T00:00:00Z,1855-06-13T00:00:00Z,1926
Marino João Franzini,Q131262381,https://www.wikidata.org/wiki/Q131262381,1839-03-08T00:00:00Z,1908-11-26T00:00:00Z,1979
Mark Athias,Q10326575,https://www.wikidata.org/wiki/Q10326575,1875-12-11T00:00:00Z,1946-09-30T00:00:00Z,2017
Martim Afonso de Castro,Q6774781,https://www.wikidata.org/wiki/Q6774781,1560-01-01T00:00:00Z,1607-06-03T00:00:00Z,1678
Martim Coelho,Q120069815,https://www.wikidata.org/wiki/Q120069815,1499-01-01T00:00:00Z,1510-01-01T00:00:00Z,1581
Martiniano Ferreira Botelho,Q3308730,https://www.wikidata.org/wiki/Q3308730,1853-01-13T00:00:00Z,1939-10-26T00:00:00Z,2010
Mary Jane Wilson,Q23621733,https://www.wikidata.org/wiki/Q23621733,1840-10-03T00:00:00Z,1916-10-18T00:00:00Z,1987
Mateus Teixeira de Azevedo,Q130372456,https://www.wikidata.org/wiki/Q130372456,1842-02-15T00:00:00Z,1931-01-06T00:00:00Z,2002
Mateus da Conceição,Q126711157,https://www.wikidata.org/wiki/Q126711157,1585-10-04T00:00:00Z,1653-03-16T00:00:00Z,1724
Mateus de Oliveira Xavier,Q10327349,https://www.wikidata.org/wiki/Q10327349,1858-10-14T00:00:00Z,1929-05-19T00:00:00Z,2000
Matias Ferreira de Mira,Q10327374,https://www.wikidata.org/wiki/Q10327374,1875-02-21T00:00:00Z,1953-03-07T00:00:00Z,2024
Matias de Carvalho e Vasconcelos,Q3851844,https://www.wikidata.org/wiki/Q3851844,1832-10-22T00:00:00Z,1910-12-03T00:00:00Z,1981
Matilde Emília de Sales,Q105757887,https://www.wikidata.org/wiki/Q105757887,1861-08-07T00:00:00Z,1927-02-02T00:00:00Z,1998
Maurícia C. de Figueiredo,Q111081934,https://www.wikidata.org/wiki/Q111081934,1866-01-01T00:00:00Z,1923-01-01T00:00:00Z,1994
Maurícia Leonor de Portugal,Q1911519,https://www.wikidata.org/wiki/Q1911519,1700-01-01T00:00:00Z,1674-06-15T00:00:00Z,1745
Maurício Bensaude,Q10327627,https://www.wikidata.org/wiki/Q10327627,1863-02-13T00:00:00Z,1912-12-22T00:00:00Z,1983
Maximiano Alves,Q5685746,https://www.wikidata.org/wiki/Q5685746,1888-08-22T00:00:00Z,1954-01-22T00:00:00Z,2025
Maximiano Lemos,Q10327793,https://www.wikidata.org/wiki/Q10327793,1860-08-08T00:00:00Z,1923-10-06T00:00:00Z,1994
Maximiliano Eugénio de Azevedo,Q10327801,https://www.wikidata.org/wiki/Q10327801,1850-02-16T00:00:00Z,1911-12-03T00:00:00Z,1982
Menina Izildinha,Q10328665,https://www.wikidata.org/wiki/Q10328665,1897-06-17T00:00:00Z,1911-05-24T00:00:00Z,1982
Mestre anônimo do Inferno,Q113649513,https://www.wikidata.org/wiki/Q113649513,1500-01-01T00:00:00Z,1600-01-01T00:00:00Z,1671
Miguel Aleixo António do Carmo de Noronha,Q10329707,https://www.wikidata.org/wiki/Q10329707,1850-01-17T00:00:00Z,1932-05-14T00:00:00Z,2003
Miguel Barrias,Q10329727,https://www.wikidata.org/wiki/Q10329727,1904-01-01T00:00:00Z,1952-01-01T00:00:00Z,2023
Miguel Esguelha,Q1932608,https://www.wikidata.org/wiki/Q1932608,1878-01-01T00:00:00Z,1938-01-01T00:00:00Z,2009
Miguel Forjaz,Q116176180,https://www.wikidata.org/wiki/Q116176180,1883-08-13T00:00:00Z,1952-08-13T00:00:00Z,2023
Miguel Franzini,Q10329773,https://www.wikidata.org/wiki/Q10329773,1730-01-01T00:00:00Z,1810-01-11T00:00:00Z,1881
Miguel Manescal,Q121785144,https://www.wikidata.org/wiki/Q121785144,1597-01-01T00:00:00Z,1627-01-01T00:00:00Z,1698
Miguel Manescal,Q93435977,https://www.wikidata.org/wiki/Q93435977,1663-01-01T00:00:00Z,1720-01-01T00:00:00Z,1791
Miguel Manescal da Costa,Q93435972,https://www.wikidata.org/wiki/Q93435972,1740-01-01T00:00:00Z,1801-01-01T00:00:00Z,1872
Miguel Nogueira Júnior,Q10329823,https://www.wikidata.org/wiki/Q10329823,1883-01-30T00:00:00Z,1953-11-25T00:00:00Z,2024
Miguel Siska,Q10329860,https://www.wikidata.org/wiki/Q10329860,1906-01-04T00:00:00Z,1947-10-25T00:00:00Z,2018
Miguel Vaz Guedes de Ataíde,Q10329878,https://www.wikidata.org/wiki/Q10329878,1829-07-08T00:00:00Z,1898-01-01T00:00:00Z,1969
Miguel Vaz Guedes de Ataíde Azevedo e Brito,Q99803141,https://www.wikidata.org/wiki/Q99803141,1794-12-05T00:00:00Z,1864-05-27T00:00:00Z,1935
Miguel Vaz de Almada,Q10329877,https://www.wikidata.org/wiki/Q10329877,1860-01-01T00:00:00Z,1916-01-01T00:00:00Z,1987
Miguel Ventura Terra,Q3313019,https://www.wikidata.org/wiki/Q3313019,1866-01-01T00:00:00Z,1919-01-01T00:00:00Z,1990
Miguel Verdial,Q24013834,https://www.wikidata.org/wiki/Q24013834,1849-10-15T00:00:00Z,1922-06-04T00:00:00Z,1993
Miguel da Madre de Deus da Cruz,Q10329891,https://www.wikidata.org/wiki/Q10329891,1739-05-08T00:00:00Z,1827-08-21T00:00:00Z,1898
Miguel da Silveira,Q115915394,https://www.wikidata.org/wiki/Q115915394,1883-01-01T00:00:00Z,1936-01-01T00:00:00Z,2007
Miguel de Vasconcelos,Q3313030,https://www.wikidata.org/wiki/Q3313030,1590-01-01T00:00:00Z,1640-12-01T00:00:00Z,1711
Miguel do Couto Guerreiro,Q137557091,https://www.wikidata.org/wiki/Q137557091,1720-01-01T00:00:00Z,1793-10-02T00:00:00Z,1864
Militão Ribeiro,Q6857915,https://www.wikidata.org/wiki/Q6857915,1896-08-13T00:00:00Z,1950-01-03T00:00:00Z,2021
Modesto Perestrelo Barros de Carvalhosa,Q10331436,https://www.wikidata.org/wiki/Q10331436,1846-04-15T00:00:00Z,1917-08-18T00:00:00Z,1988
Moses Raphael de Aguilar,Q94166707,https://www.wikidata.org/wiki/Q94166707,1611-01-01T00:00:00Z,1679-12-15T00:00:00Z,1750
Moses Raphael de Aguilar,Q94166707,https://www.wikidata.org/wiki/Q94166707,1615-01-01T00:00:00Z,1679-12-15T00:00:00Z,1750
Moura Coutinho,Q10332753,https://www.wikidata.org/wiki/Q10332753,1872-03-25T00:00:00Z,1954-01-20T00:00:00Z,2025
Moura Girão,Q933793,https://www.wikidata.org/wiki/Q933793,1840-01-01T00:00:00Z,1916-01-01T00:00:00Z,1987
Mário Afonso de Carvalho,Q106464713,https://www.wikidata.org/wiki/Q106464713,1887-01-01T00:00:00Z,1950-01-01T00:00:00Z,2021
Mário Augusto,Q100269477,https://www.wikidata.org/wiki/Q100269477,1895-07-23T00:00:00Z,1941-08-18T00:00:00Z,2012
Mário Basto Wagner,Q23777992,https://www.wikidata.org/wiki/Q23777992,1885-10-12T00:00:00Z,1922-05-28T00:00:00Z,1993
Mário Basto Wagner,Q23777992,https://www.wikidata.org/wiki/Q23777992,1885-10-12T00:00:00Z,1935-05-28T00:00:00Z,2006
Mário Basto Wagner,Q23777992,https://www.wikidata.org/wiki/Q23777992,1887-10-12T00:00:00Z,1922-05-28T00:00:00Z,1993
Mário Basto Wagner,Q23777992,https://www.wikidata.org/wiki/Q23777992,1887-10-12T00:00:00Z,1935-05-28T00:00:00Z,2006
Mário Castelhano,Q10334402,https://www.wikidata.org/wiki/Q10334402,1896-05-31T00:00:00Z,1940-10-12T00:00:00Z,2011
Mário Duarte,Q48879727,https://www.wikidata.org/wiki/Q48879727,1890-01-01T00:00:00Z,1934-02-01T00:00:00Z,2005
Mário Eloy,Q1750588,https://www.wikidata.org/wiki/Q1750588,1900-03-15T00:00:00Z,1951-09-05T00:00:00Z,2022
Mário Monteiro,Q117356574,https://www.wikidata.org/wiki/Q117356574,1885-01-01T00:00:00Z,1951-01-01T00:00:00Z,2022
Mário Pais de Sousa,Q16930267,https://www.wikidata.org/wiki/Q16930267,1891-02-22T00:00:00Z,1949-04-19T00:00:00Z,2020
Mário de Sá-Carneiro,Q466945,https://www.wikidata.org/wiki/Q466945,1890-05-19T00:00:00Z,1916-04-26T00:00:00Z,1987
Narciso Cândido Alves da Cunha,Q124213481,https://www.wikidata.org/wiki/Q124213481,1851-09-05T00:00:00Z,1913-01-14T00:00:00Z,1984
Narciso Ferreira,Q18922853,https://www.wikidata.org/wiki/Q18922853,1862-07-07T00:00:00Z,1933-03-23T00:00:00Z,2004
Nascimento Fernandes,Q10335601,https://www.wikidata.org/wiki/Q10335601,1881-11-06T00:00:00Z,1955-08-16T00:00:00Z,2026
Neno Vasco,Q10336169,https://www.wikidata.org/wiki/Q10336169,1878-05-09T00:00:00Z,1923-09-15T00:00:00Z,1994
Neutel Martins Simões de Abreu,Q10336482,https://www.wikidata.org/wiki/Q10336482,1871-12-03T00:00:00Z,1945-12-08T00:00:00Z,2016
Neves Rodrigues,Q124034546,https://www.wikidata.org/wiki/Q124034546,1891-01-01T00:00:00Z,1953-01-01T00:00:00Z,2024
Nicolau Anastácio de Bettencourt,Q10336762,https://www.wikidata.org/wiki/Q10336762,1872-10-01T00:00:00Z,1941-07-09T00:00:00Z,2012
Nicolau Duarte Ferreira,Q124675744,https://www.wikidata.org/wiki/Q124675744,1731-09-10T00:00:00Z,1800-01-01T00:00:00Z,1871
Norberto de Araújo,Q10337344,https://www.wikidata.org/wiki/Q10337344,1889-03-21T00:00:00Z,1952-11-24T00:00:00Z,2023
Norberto de Araújo,Q10337344,https://www.wikidata.org/wiki/Q10337344,1889-04-25T00:00:00Z,1952-11-24T00:00:00Z,2023
Norton de Matos,Q177745,https://www.wikidata.org/wiki/Q177745,1867-03-23T00:00:00Z,1955-01-03T00:00:00Z,2026
Nuno Graceliano Lino,Q98645713,https://www.wikidata.org/wiki/Q98645713,1859-01-01T00:00:00Z,1929-01-01T00:00:00Z,2000
Nuno de Freitas Queriol,Q138413991,https://www.wikidata.org/wiki/Q138413991,1853-11-20T00:00:00Z,1924-12-08T00:00:00Z,1995
Octávio Vecchi,Q10340184,https://www.wikidata.org/wiki/Q10340184,1878-11-22T00:00:00Z,1932-01-09T00:00:00Z,2003
Ofélia Marques,Q10340373,https://www.wikidata.org/wiki/Q10340373,1902-11-14T00:00:00Z,1952-12-17T00:00:00Z,2023
Oldemiro César,Q124041664,https://www.wikidata.org/wiki/Q124041664,1884-08-25T00:00:00Z,1953-03-27T00:00:00Z,2024
Olinda Miranda,Q137290998,https://www.wikidata.org/wiki/Q137290998,1906-12-09T00:00:00Z,1931-02-26T00:00:00Z,2002
Olinda da Conceição,Q135112626,https://www.wikidata.org/wiki/Q135112626,1876-09-07T00:00:00Z,1943-07-30T00:00:00Z,2014
Oliveira Parreira,Q130368237,https://www.wikidata.org/wiki/Q130368237,1836-01-01T00:00:00Z,1918-01-01T00:00:00Z,1989
Padre Himalaya,Q3286747,https://www.wikidata.org/wiki/Q3286747,1868-12-09T00:00:00Z,1933-12-21T00:00:00Z,2004
Paio de Coímbra,Q55077732,https://www.wikidata.org/wiki/Q55077732,1195-01-01T00:00:00Z,1249-01-01T00:00:00Z,1320
Paiva Couceiro,Q1384253,https://www.wikidata.org/wiki/Q1384253,1861-12-30T00:00:00Z,1944-02-11T00:00:00Z,2015
Paixão Bastos,Q10343670,https://www.wikidata.org/wiki/Q10343670,1870-04-14T00:00:00Z,1947-12-13T00:00:00Z,2018
Palmira Pádua,Q108301881,https://www.wikidata.org/wiki/Q108301881,1879-09-05T00:00:00Z,1951-10-01T00:00:00Z,2022
Patrocínio Ribeiro,Q10346137,https://www.wikidata.org/wiki/Q10346137,1882-07-09T00:00:00Z,1923-12-02T00:00:00Z,1994
Patrício Theodoro Álvares Ferreira,Q10346213,https://www.wikidata.org/wiki/Q10346213,1846-12-26T00:00:00Z,1932-04-10T00:00:00Z,2003
Paul Choffat,Q10346273,https://www.wikidata.org/wiki/Q10346273,1849-03-14T00:00:00Z,1919-06-06T00:00:00Z,1990
Paul Choffat,Q10346273,https://www.wikidata.org/wiki/Q10346273,1849-05-14T00:00:00Z,1919-06-06T00:00:00Z,1990
Paulina Campelo Macedo,Q126938264,https://www.wikidata.org/wiki/Q126938264,1873-04-21T00:00:00Z,1931-09-14T00:00:00Z,2002
Paulino de Oliveira,Q66123355,https://www.wikidata.org/wiki/Q66123355,1864-06-22T00:00:00Z,1914-03-13T00:00:00Z,1985
Paulo Guedes,Q55285670,https://www.wikidata.org/wiki/Q55285670,1886-03-23T00:00:00Z,1947-12-01T00:00:00Z,2018
Paulo Perestrelo de Aragão,Q113783728,https://www.wikidata.org/wiki/Q113783728,1872-12-18T00:00:00Z,1916-09-16T00:00:00Z,1987
Pedro Amaral Botto Machado,Q61000090,https://www.wikidata.org/wiki/Q61000090,1868-08-11T00:00:00Z,1921-10-29T00:00:00Z,1992
Pedro Augusto Ferreira,Q10347323,https://www.wikidata.org/wiki/Q10347323,1833-11-14T00:00:00Z,1913-06-17T00:00:00Z,1984
Pedro Augusto Pinto da Fonseca Botelho Neves,Q24203199,https://www.wikidata.org/wiki/Q24203199,1891-03-30T00:00:00Z,1940-12-07T00:00:00Z,2011
Pedro Aurives,Q123406488,https://www.wikidata.org/wiki/Q123406488,1080-01-01T00:00:00Z,1173-01-01T00:00:00Z,1244
Pedro Fernandes Tomás,Q21290170,https://www.wikidata.org/wiki/Q21290170,1853-01-01T00:00:00Z,1927-01-01T00:00:00Z,1998
Pedro Francisco Massano de Amorim,Q10347473,https://www.wikidata.org/wiki/Q10347473,1862-01-14T00:00:00Z,1929-05-31T00:00:00Z,2000
Pedro Joyce Dinis,Q124041802,https://www.wikidata.org/wiki/Q124041802,1873-01-01T00:00:00Z,1953-01-01T00:00:00Z,2024
Pedro Maria Gonçalves de Freitas,Q16930297,https://www.wikidata.org/wiki/Q16930297,1836-04-15T00:00:00Z,1915-07-06T00:00:00Z,1986
Pedro Marques,Q138306662,https://www.wikidata.org/wiki/Q138306662,1575-01-01T00:00:00Z,1657-01-01T00:00:00Z,1728
Pedro Nolasco da Silva,Q10347647,https://www.wikidata.org/wiki/Q10347647,1842-05-06T00:00:00Z,1912-10-12T00:00:00Z,1983
Pedro Nunes,Q10347651,https://www.wikidata.org/wiki/Q10347651,1600-01-01T00:00:00Z,1637-01-01T00:00:00Z,1708
Pedro Paulo Ferreira de Sousa,Q130680351,https://www.wikidata.org/wiki/Q130680351,1787-06-20T00:00:00Z,1862-11-15T00:00:00Z,1933
Pedro Roberto Chaves,Q10347728,https://www.wikidata.org/wiki/Q10347728,1887-01-01T00:00:00Z,1951-01-01T00:00:00Z,2022
Pedro Roberto da Cunha e Silva,Q130372165,https://www.wikidata.org/wiki/Q130372165,1848-01-01T00:00:00Z,1924-01-01T00:00:00Z,1995
Pedro Teixeira,Q2066801,https://www.wikidata.org/wiki/Q2066801,1857-07-13T00:00:00Z,1925-08-24T00:00:00Z,1996
Pedro Vasco Castello,Q120033515,https://www.wikidata.org/wiki/Q120033515,1570-01-01T00:00:00Z,1638-01-01T00:00:00Z,1709
Pedro Vitorino,Q94628893,https://www.wikidata.org/wiki/Q94628893,1882-01-01T00:00:00Z,1944-11-10T00:00:00Z,2015
Pedro Vitorino,Q94628893,https://www.wikidata.org/wiki/Q94628893,1882-01-20T00:00:00Z,1944-11-10T00:00:00Z,2015
Pedro de Almada Pereira,Q7160023,https://www.wikidata.org/wiki/Q7160023,1801-01-01T00:00:00Z,1911-05-24T00:00:00Z,1982
Pedro de Azevedo,Q104699452,https://www.wikidata.org/wiki/Q104699452,1869-08-24T00:00:00Z,1928-02-03T00:00:00Z,1999
Pedro de Azevedo Coutinho,Q130362556,https://www.wikidata.org/wiki/Q130362556,1865-08-17T00:00:00Z,1942-01-30T00:00:00Z,2013
Pedro de Castelbranco Manoel,Q10347858,https://www.wikidata.org/wiki/Q10347858,1837-04-19T00:00:00Z,1911-12-14T00:00:00Z,1982
Pedro de Meneses Parreira,Q10347879,https://www.wikidata.org/wiki/Q10347879,1840-09-14T00:00:00Z,1912-01-06T00:00:00Z,1983
"Pedro de Meneses, 3.º Marquês de Vila Real",Q10347878,https://www.wikidata.org/wiki/Q10347878,1486-01-01T00:00:00Z,1543-01-01T00:00:00Z,1614
Pedro dos Santos Victoria,Q10347895,https://www.wikidata.org/wiki/Q10347895,1934-01-01T00:00:00Z,1934-01-01T00:00:00Z,2005
Penha Coutinho,Q130365522,https://www.wikidata.org/wiki/Q130365522,1864-01-01T00:00:00Z,1937-01-01T00:00:00Z,2008
Pepa Ruiz,Q109383158,https://www.wikidata.org/wiki/Q109383158,1859-09-27T00:00:00Z,1923-10-01T00:00:00Z,1994
Pereira Cão,Q21290172,https://www.wikidata.org/wiki/Q21290172,1841-02-21T00:00:00Z,1921-01-16T00:00:00Z,1992
Pero de Ataíde,Q7264750,https://www.wikidata.org/wiki/Q7264750,1450-01-01T00:00:00Z,1504-01-01T00:00:00Z,1575
Plácido António Cunha de Abreu,Q1802677,https://www.wikidata.org/wiki/Q1802677,1903-11-21T00:00:00Z,1934-06-10T00:00:00Z,2005
Plínio Octávio de Santana e Silva,Q10350601,https://www.wikidata.org/wiki/Q10350601,1890-08-16T00:00:00Z,1948-06-07T00:00:00Z,2019
Policarpo José Machado,Q10350806,https://www.wikidata.org/wiki/Q10350806,1796-07-05T00:00:00Z,1875-12-21T00:00:00Z,1946
Políbio Gomes dos Santos,Q10350971,https://www.wikidata.org/wiki/Q10350971,1911-01-01T00:00:00Z,1939-01-01T00:00:00Z,2010
Políbio Gomes dos Santos,Q10350971,https://www.wikidata.org/wiki/Q10350971,1911-01-01T00:00:00Z,1939-08-03T00:00:00Z,2010
Políbio Gomes dos Santos,Q10350971,https://www.wikidata.org/wiki/Q10350971,1911-08-07T00:00:00Z,1939-01-01T00:00:00Z,2010
Políbio Gomes dos Santos,Q10350971,https://www.wikidata.org/wiki/Q10350971,1911-08-07T00:00:00Z,1939-08-03T00:00:00Z,2010
Porfírio da Silva,Q10294549,https://www.wikidata.org/wiki/Q10294549,1875-08-18T00:00:00Z,1918-03-14T00:00:00Z,1989
Quelhas Lima,Q124042015,https://www.wikidata.org/wiki/Q124042015,1897-01-01T00:00:00Z,1953-01-01T00:00:00Z,2024
Quirino Avelino de Jesus,Q10356490,https://www.wikidata.org/wiki/Q10356490,1865-11-10T00:00:00Z,1935-04-03T00:00:00Z,2006
Rafael Sérgio Vieira,Q10357067,https://www.wikidata.org/wiki/Q10357067,1895-09-17T00:00:00Z,1946-08-21T00:00:00Z,2017
Raimundo António de Bulhão Pato,Q10357117,https://www.wikidata.org/wiki/Q10357117,1828-03-03T00:00:00Z,1912-08-24T00:00:00Z,1983
Raimundo António de Bulhão Pato,Q10357117,https://www.wikidata.org/wiki/Q10357117,1829-03-03T00:00:00Z,1912-08-24T00:00:00Z,1983
Raimundo Enes Meira,Q2127859,https://www.wikidata.org/wiki/Q2127859,1866-05-25T00:00:00Z,1946-06-30T00:00:00Z,2017
Raimundo Sieuve de Menezes,Q10357188,https://www.wikidata.org/wiki/Q10357188,1854-06-13T00:00:00Z,1937-11-17T00:00:00Z,2008
Ramalho Júnior,Q10357323,https://www.wikidata.org/wiki/Q10357323,1858-01-01T00:00:00Z,1916-10-30T00:00:00Z,1987
Ramalho Júnior,Q10357323,https://www.wikidata.org/wiki/Q10357323,1859-01-01T00:00:00Z,1916-10-30T00:00:00Z,1987
Ramalho Ortigão,Q2096754,https://www.wikidata.org/wiki/Q2096754,1836-10-24T00:00:00Z,1915-09-27T00:00:00Z,1986
Ramiro Machado,Q10357338,https://www.wikidata.org/wiki/Q10357338,1897-04-14T00:00:00Z,1945-08-17T00:00:00Z,2016
Raul Augusto Esteves,Q9304669,https://www.wikidata.org/wiki/Q9304669,1878-01-01T00:00:00Z,1955-01-01T00:00:00Z,2026
Raul Brandão,Q2035991,https://www.wikidata.org/wiki/Q2035991,1867-03-12T00:00:00Z,1930-12-05T00:00:00Z,2001
Raul Esteves dos Santos,Q105678157,https://www.wikidata.org/wiki/Q105678157,1889-01-01T00:00:00Z,1954-07-24T00:00:00Z,2025
Raul Ferrão,Q10357598,https://www.wikidata.org/wiki/Q10357598,1890-10-20T00:00:00Z,1953-04-30T00:00:00Z,2024
Raul Frederico Rato,Q10357601,https://www.wikidata.org/wiki/Q10357601,1885-10-16T00:00:00Z,1950-03-04T00:00:00Z,2021
Raul Maria Pereira,Q70595021,https://www.wikidata.org/wiki/Q70595021,1877-06-18T00:00:00Z,1933-01-16T00:00:00Z,2004
Raul Mesnier,Q3057590,https://www.wikidata.org/wiki/Q3057590,1849-04-02T00:00:00Z,1914-05-26T00:00:00Z,1985
Raul Proença,Q530097,https://www.wikidata.org/wiki/Q530097,1884-05-10T00:00:00Z,1941-05-20T00:00:00Z,2012
Raul Rego Correia Freire Manoel Torres de Aboim,Q10357627,https://www.wikidata.org/wiki/Q10357627,1882-07-28T00:00:00Z,1940-09-29T00:00:00Z,2011
Raul de Caldevilla,Q10357656,https://www.wikidata.org/wiki/Q10357656,1877-11-21T00:00:00Z,1951-08-28T00:00:00Z,2022
Raúl Alexandre Cascais,Q112057605,https://www.wikidata.org/wiki/Q112057605,1879-01-08T00:00:00Z,1917-07-26T00:00:00Z,1988
Raúl Portela,Q110137377,https://www.wikidata.org/wiki/Q110137377,1889-01-01T00:00:00Z,1942-01-01T00:00:00Z,2013
Raúl da Costa Torres,Q136827887,https://www.wikidata.org/wiki/Q136827887,1885-01-01T00:00:00Z,1955-01-01T00:00:00Z,2026
Renato Penha e Canto de Sousa Araújo,Q106507052,https://www.wikidata.org/wiki/Q106507052,1910-01-01T00:00:00Z,1950-01-01T00:00:00Z,2021
Renato de Penha e Cantos de Sousa Araújo,Q141214654,https://www.wikidata.org/wiki/Q141214654,1910-11-14T00:00:00Z,1950-03-14T00:00:00Z,2021
Renato de Penha e Cantos de Sousa Araújo,Q141214654,https://www.wikidata.org/wiki/Q141214654,1911-11-14T00:00:00Z,1950-03-14T00:00:00Z,2021
Rendufo Soleima,Q10359423,https://www.wikidata.org/wiki/Q10359423,1101-01-01T00:00:00Z,1199-01-01T00:00:00Z,1270
Repórter X,Q16930310,https://www.wikidata.org/wiki/Q16930310,1897-08-10T00:00:00Z,1935-10-04T00:00:00Z,2006
Ricardo Jorge,Q10361161,https://www.wikidata.org/wiki/Q10361161,1858-05-09T00:00:00Z,1939-07-29T00:00:00Z,2010
Ricardo Pais Gomes,Q10361198,https://www.wikidata.org/wiki/Q10361198,1868-01-01T00:00:00Z,1928-01-01T00:00:00Z,1999
Ricardo Ribeiro do Espírito Santo Silva,Q10361214,https://www.wikidata.org/wiki/Q10361214,1900-11-12T00:00:00Z,1955-11-02T00:00:00Z,2026
Ricardo Severo,Q10361230,https://www.wikidata.org/wiki/Q10361230,1869-11-06T00:00:00Z,1940-04-03T00:00:00Z,2011
Rino Lupo,Q10361394,https://www.wikidata.org/wiki/Q10361394,1888-02-15T00:00:00Z,1934-01-01T00:00:00Z,2005
Rita Amada de Jesus,Q924586,https://www.wikidata.org/wiki/Q924586,1848-03-05T00:00:00Z,1913-01-06T00:00:00Z,1984
Rita de Morais Sarmento,Q47525933,https://www.wikidata.org/wiki/Q47525933,1872-02-11T00:00:00Z,1931-03-28T00:00:00Z,2002
Roberto Frederico Zichacha,Q10363345,https://www.wikidata.org/wiki/Q10363345,1869-01-01T00:00:00Z,1927-11-13T00:00:00Z,1998
Roberto Rodrigo Mendes,Q115380530,https://www.wikidata.org/wiki/Q115380530,1849-11-01T00:00:00Z,1938-02-28T00:00:00Z,2009
Roberto da Cunha Baptista,Q112040370,https://www.wikidata.org/wiki/Q112040370,1874-07-22T00:00:00Z,1932-09-17T00:00:00Z,2003
Roberto de Mesquita,Q10363469,https://www.wikidata.org/wiki/Q10363469,1871-06-19T00:00:00Z,1923-12-31T00:00:00Z,1994
Rodolfo Guimarães,Q98664379,https://www.wikidata.org/wiki/Q98664379,1866-01-04T00:00:00Z,1918-07-09T00:00:00Z,1989
Rodolfo Malheiro,Q10363707,https://www.wikidata.org/wiki/Q10363707,1869-01-19T00:00:00Z,1924-12-09T00:00:00Z,1995
Rodolfo Pinto do Couto,Q7357192,https://www.wikidata.org/wiki/Q7357192,1888-01-01T00:00:00Z,1945-01-01T00:00:00Z,2016
Rodolfo Xavier da Silva,Q16930314,https://www.wikidata.org/wiki/Q16930314,1877-07-09T00:00:00Z,1955-04-03T00:00:00Z,2026
Rodrigo Aboim Ascenção,Q123653277,https://www.wikidata.org/wiki/Q123653277,1859-08-23T00:00:00Z,1930-01-22T00:00:00Z,2001
Rodrigo Fernandes Fontinha,Q106464594,https://www.wikidata.org/wiki/Q106464594,1875-11-04T00:00:00Z,1950-01-01T00:00:00Z,2021
Rodrigo Guerra,Q10363869,https://www.wikidata.org/wiki/Q10363869,1861-07-29T00:00:00Z,1924-05-28T00:00:00Z,1995
Rogério de Andrade,Q124043056,https://www.wikidata.org/wiki/Q124043056,1895-01-01T00:00:00Z,1953-01-01T00:00:00Z,2024
Romano de Santa Clara Gomes,Q113785194,https://www.wikidata.org/wiki/Q113785194,1869-08-12T00:00:00Z,1949-04-14T00:00:00Z,2020
Roque Gameiro,Q10364494,https://www.wikidata.org/wiki/Q10364494,1864-04-04T00:00:00Z,1935-08-05T00:00:00Z,2006
Rosa Jacinta de Carvalho Veiga,Q138632542,https://www.wikidata.org/wiki/Q138632542,1756-03-11T00:00:00Z,1844-12-16T00:00:00Z,1915
Rosendo Carvalheira,Q10364621,https://www.wikidata.org/wiki/Q10364621,1864-01-01T00:00:00Z,1919-01-01T00:00:00Z,1990
Rosendo Ribeiro,Q6398896,https://www.wikidata.org/wiki/Q6398896,1871-01-01T00:00:00Z,1951-02-02T00:00:00Z,2022
Rui Freire de Andrade,Q10365249,https://www.wikidata.org/wiki/Q10365249,1570-01-01T00:00:00Z,1633-09-01T00:00:00Z,1704
"Rui Lourenço de Távora, neto",Q10365278,https://www.wikidata.org/wiki/Q10365278,1556-01-01T00:00:00Z,1616-06-19T00:00:00Z,1687
Rui de Serpa Pinto,Q113675675,https://www.wikidata.org/wiki/Q113675675,1907-08-06T00:00:00Z,1933-03-23T00:00:00Z,2004
Ruy Roque Gameiro,Q9071480,https://www.wikidata.org/wiki/Q9071480,1906-02-27T00:00:00Z,1935-08-18T00:00:00Z,2006
Ruy Vaz,Q85090558,https://www.wikidata.org/wiki/Q85090558,1891-01-01T00:00:00Z,1955-01-01T00:00:00Z,2026
Saavedra Machado,Q106464472,https://www.wikidata.org/wiki/Q106464472,1887-01-01T00:00:00Z,1950-01-01T00:00:00Z,2021
Salazar Moscoso,Q10366947,https://www.wikidata.org/wiki/Q10366947,1856-01-09T00:00:00Z,1933-10-21T00:00:00Z,2004
Salvador Correia de Sá e Benevides Velasco da Câmara,Q10367104,https://www.wikidata.org/wiki/Q10367104,1873-12-14T00:00:00Z,1939-06-12T00:00:00Z,2010
Salvador José da Costa,Q83436769,https://www.wikidata.org/wiki/Q83436769,1863-01-01T00:00:00Z,1949-01-01T00:00:00Z,2020
Salvador d'Oliveira Pinto da França,Q10367131,https://www.wikidata.org/wiki/Q10367131,1822-01-09T00:00:00Z,1866-04-20T00:00:00Z,1937
Sampaio Bruno,Q10367300,https://www.wikidata.org/wiki/Q10367300,1857-11-30T00:00:00Z,1915-11-06T00:00:00Z,1986
Samuel Maia,Q23778052,https://www.wikidata.org/wiki/Q23778052,1874-02-14T00:00:00Z,1951-01-01T00:00:00Z,2022
Samuel Mirrado,Q138504459,https://www.wikidata.org/wiki/Q138504459,1877-01-01T00:00:00Z,1931-01-01T00:00:00Z,2002
Sancho Nunes de Celanova,Q10367517,https://www.wikidata.org/wiki/Q10367517,1070-01-01T00:00:00Z,1130-01-01T00:00:00Z,1201
Sancho de Noronha,Q114002274,https://www.wikidata.org/wiki/Q114002274,1515-01-01T00:00:00Z,1576-01-01T00:00:00Z,1647
Santos Garcia,Q136945778,https://www.wikidata.org/wiki/Q136945778,1880-01-01T00:00:00Z,1955-01-01T00:00:00Z,2026
Scilo António Pinto Teixeira,Q139899933,https://www.wikidata.org/wiki/Q139899933,1890-01-01T00:00:00Z,1940-10-12T00:00:00Z,2011
Sebastião Aparício da Silva,Q125524094,https://www.wikidata.org/wiki/Q125524094,1849-03-22T00:00:00Z,1943-12-30T00:00:00Z,2014
Sebastião Carlos da Costa Brandão e Albuquerque,Q10369079,https://www.wikidata.org/wiki/Q10369079,1833-10-07T00:00:00Z,1927-02-11T00:00:00Z,1998
"Sebastião José Pereira, bispo de Damão",Q10369103,https://www.wikidata.org/wiki/Q10369103,1857-10-04T00:00:00Z,1925-08-04T00:00:00Z,1996
Sebastião Leite de Vasconcelos,Q10369106,https://www.wikidata.org/wiki/Q10369106,1852-05-03T00:00:00Z,1923-01-29T00:00:00Z,1994
Sebastião Roby,Q10369140,https://www.wikidata.org/wiki/Q10369140,1883-01-01T00:00:00Z,1915-07-10T00:00:00Z,1986
Sebastião Rodolfo Dalgado,Q7442709,https://www.wikidata.org/wiki/Q7442709,1855-05-08T00:00:00Z,1922-04-04T00:00:00Z,1993
Sebastião Teles,Q321264,https://www.wikidata.org/wiki/Q321264,1847-07-27T00:00:00Z,1921-06-07T00:00:00Z,1992
Sebastião da Gama,Q1478198,https://www.wikidata.org/wiki/Q1478198,1924-04-10T00:00:00Z,1952-02-07T00:00:00Z,2023
Sebastião de Magalhães Lima,Q3476927,https://www.wikidata.org/wiki/Q3476927,1850-05-30T00:00:00Z,1928-12-07T00:00:00Z,1999
Sebastião de São Pedro,Q10369173,https://www.wikidata.org/wiki/Q10369173,1565-01-01T00:00:00Z,1629-11-07T00:00:00Z,1700
Sebastião do Couto,Q110215523,https://www.wikidata.org/wiki/Q110215523,1567-01-01T00:00:00Z,1639-11-21T00:00:00Z,1710
Serafim Cardoso Lucena,Q47318382,https://www.wikidata.org/wiki/Q47318382,1869-01-01T00:00:00Z,1943-08-11T00:00:00Z,2014
Seraphim de Freitas,Q55913186,https://www.wikidata.org/wiki/Q55913186,1570-01-01T00:00:00Z,1633-01-01T00:00:00Z,1704
Severiano Tavares,Q133650221,https://www.wikidata.org/wiki/Q133650221,1907-01-01T00:00:00Z,1955-01-01T00:00:00Z,2026
Sidónio Pais,Q356691,https://www.wikidata.org/wiki/Q356691,1872-05-01T00:00:00Z,1918-12-14T00:00:00Z,1989
Silvestre Alegrim,Q106367187,https://www.wikidata.org/wiki/Q106367187,1881-03-10T00:00:00Z,1946-10-16T00:00:00Z,2017
Silvestre Falcão,Q16930341,https://www.wikidata.org/wiki/Q16930341,1866-06-29T00:00:00Z,1927-03-18T00:00:00Z,1998
Silvino Vidal,Q3076153,https://www.wikidata.org/wiki/Q3076153,1850-03-21T00:00:00Z,1937-08-09T00:00:00Z,2008
Silvério da Rocha e Cunha,Q97274720,https://www.wikidata.org/wiki/Q97274720,1876-01-01T00:00:00Z,1944-11-04T00:00:00Z,2015
Simão Infante de Lacerda de Sousa Tavares,Q10371752,https://www.wikidata.org/wiki/Q10371752,1793-11-04T00:00:00Z,1838-10-14T00:00:00Z,1909
Simão de Andrade,Q19607960,https://www.wikidata.org/wiki/Q19607960,1490-01-01T00:00:00Z,1525-01-01T00:00:00Z,1596
Soeiro Fromariques de Marnel,Q10372893,https://www.wikidata.org/wiki/Q10372893,1060-01-01T00:00:00Z,1103-01-01T00:00:00Z,1174
Soeiro Mendes de Sousa,Q10372898,https://www.wikidata.org/wiki/Q10372898,1100-01-01T00:00:00Z,1140-01-01T00:00:00Z,1211
Soeiro Pereira Gomes,Q538838,https://www.wikidata.org/wiki/Q538838,1909-04-14T00:00:00Z,1949-12-05T00:00:00Z,2020
Sofia Santos,Q106303189,https://www.wikidata.org/wiki/Q106303189,1869-08-31T00:00:00Z,1945-01-01T00:00:00Z,2016
Sofia Santos,Q106303189,https://www.wikidata.org/wiki/Q106303189,1869-08-31T00:00:00Z,1945-05-21T00:00:00Z,2016
Sueiro Belfaguer,Q10374684,https://www.wikidata.org/wiki/Q10374684,0875-01-01T00:00:00Z,0925-01-01T00:00:00Z,996
Susanna Roope Dockery,Q94989663,https://www.wikidata.org/wiki/Q94989663,1856-01-01T00:00:00Z,1927-01-01T00:00:00Z,1998
Sãozinha de Alenquer,Q24013818,https://www.wikidata.org/wiki/Q24013818,1923-02-01T00:00:00Z,1940-06-06T00:00:00Z,2011
Sílvia Cardoso,Q17280388,https://www.wikidata.org/wiki/Q17280388,1882-07-26T00:00:00Z,1950-11-02T00:00:00Z,2021
Tamagnini de Abreu,Q829950,https://www.wikidata.org/wiki/Q829950,1856-05-13T00:00:00Z,1924-11-24T00:00:00Z,1995
Tamanqueiro,Q7680702,https://www.wikidata.org/wiki/Q7680702,1903-01-22T00:00:00Z,1941-12-03T00:00:00Z,2012
Teixeira Rego,Q70031352,https://www.wikidata.org/wiki/Q70031352,1881-01-01T00:00:00Z,1934-01-01T00:00:00Z,2005
Teixeira de Pascoaes,Q1377326,https://www.wikidata.org/wiki/Q1377326,1877-11-02T00:00:00Z,1952-12-14T00:00:00Z,2023
Teixeira de Queirós,Q10379131,https://www.wikidata.org/wiki/Q10379131,1848-05-03T00:00:00Z,1919-07-22T00:00:00Z,1990
Teodolinda Amélia Cristina Leça da Veiga,Q48871644,https://www.wikidata.org/wiki/Q48871644,1837-06-01T00:00:00Z,1911-12-25T00:00:00Z,1982
Teodoro Correia,Q137425952,https://www.wikidata.org/wiki/Q137425952,1890-01-01T00:00:00Z,1955-01-01T00:00:00Z,2026
Teodoro Ferreira Pinto Basto,Q131969705,https://www.wikidata.org/wiki/Q131969705,1839-11-08T00:00:00Z,1920-03-14T00:00:00Z,1991
Teodósio de Frias,Q11381943,https://www.wikidata.org/wiki/Q11381943,1555-01-01T00:00:00Z,1634-11-11T00:00:00Z,1705
Teotónio Emanuel Ribeiro Vieira de Castro,Q10380405,https://www.wikidata.org/wiki/Q10380405,1859-07-27T00:00:00Z,1940-05-16T00:00:00Z,2011
Teotónio Simão Paim de Ornelas Bruges,Q10380409,https://www.wikidata.org/wiki/Q10380409,1841-09-22T00:00:00Z,1936-08-27T00:00:00Z,2007
Teotónio Simão da Câmara Lima,Q10380410,https://www.wikidata.org/wiki/Q10380410,1868-04-01T00:00:00Z,1928-01-26T00:00:00Z,1999
Teresa da Câmara Leme Carvalhal Esmeraldo Bettencourt Vasconcelos Sá Machado,Q112091034,https://www.wikidata.org/wiki/Q112091034,1857-08-11T00:00:00Z,1921-07-29T00:00:00Z,1992
Teresa de Saldanha,Q10380543,https://www.wikidata.org/wiki/Q10380543,1837-09-04T00:00:00Z,1916-01-08T00:00:00Z,1987
Tertuliano Marques,Q10380882,https://www.wikidata.org/wiki/Q10380882,1882-10-30T00:00:00Z,1942-05-12T00:00:00Z,2013
Teófilo Braga,Q345926,https://www.wikidata.org/wiki/Q345926,1843-02-24T00:00:00Z,1924-01-28T00:00:00Z,1995
Teófilo Carneiro,Q10381043,https://www.wikidata.org/wiki/Q10381043,1891-03-24T00:00:00Z,1949-08-03T00:00:00Z,2020
Teófilo José Pereira de Andrade,Q64734092,https://www.wikidata.org/wiki/Q64734092,1881-01-14T00:00:00Z,1954-10-25T00:00:00Z,2025
Teófilo Leal de Faria,Q10381046,https://www.wikidata.org/wiki/Q10381046,1888-01-01T00:00:00Z,1952-01-01T00:00:00Z,2023
Teófilo Saguer,Q131468343,https://www.wikidata.org/wiki/Q131468343,1880-12-01T00:00:00Z,1954-12-01T00:00:00Z,2025
Teófilo da Trindade,Q10381054,https://www.wikidata.org/wiki/Q10381054,1856-01-26T00:00:00Z,1936-12-10T00:00:00Z,2007
Thomas William Stubbs,Q10382196,https://www.wikidata.org/wiki/Q10382196,1776-06-07T00:00:00Z,1844-03-27T00:00:00Z,1915
Tomás António Garcia Rosado,Q3531439,https://www.wikidata.org/wiki/Q3531439,1864-03-04T00:00:00Z,1937-08-30T00:00:00Z,2008
Tomás Cabreira,Q10383090,https://www.wikidata.org/wiki/Q10383090,1865-01-23T00:00:00Z,1918-12-04T00:00:00Z,1989
Tomás Cabreira Júnior,Q2440362,https://www.wikidata.org/wiki/Q2440362,1891-01-01T00:00:00Z,1911-01-01T00:00:00Z,1982
Tomás Caetano de Bem,Q136126737,https://www.wikidata.org/wiki/Q136126737,1718-01-01T00:00:00Z,1797-01-01T00:00:00Z,1868
Tomás Costa,Q115494339,https://www.wikidata.org/wiki/Q115494339,1861-01-01T00:00:00Z,1932-03-27T00:00:00Z,2003
Tomás Leal da Câmara,Q10383107,https://www.wikidata.org/wiki/Q10383107,1876-11-30T00:00:00Z,1948-07-21T00:00:00Z,2019
Tomás Lino da Assunção,Q104641284,https://www.wikidata.org/wiki/Q104641284,1844-01-01T00:00:00Z,1902-01-01T00:00:00Z,1973
Tomás Maria de Almeida Manuel de Vilhena,Q26973679,https://www.wikidata.org/wiki/Q26973679,1864-01-01T00:00:00Z,1932-01-01T00:00:00Z,2003
Tomás Norton de Matos,Q10383112,https://www.wikidata.org/wiki/Q10383112,1871-01-01T00:00:00Z,1943-01-01T00:00:00Z,2014
Tomás Vaz de Borba,Q10383128,https://www.wikidata.org/wiki/Q10383128,1867-11-23T00:00:00Z,1950-02-12T00:00:00Z,2021
Tomás de Barros,Q61000645,https://www.wikidata.org/wiki/Q61000645,1892-01-01T00:00:00Z,1948-01-01T00:00:00Z,2019
Tomás de Melo Breyner,Q10383139,https://www.wikidata.org/wiki/Q10383139,1866-09-02T00:00:00Z,1933-10-24T00:00:00Z,2004
Tomás de Melo Breyner,Q10383139,https://www.wikidata.org/wiki/Q10383139,1866-09-02T00:00:00Z,1933-10-25T00:00:00Z,2004
Tomás de Sousa Rosa,Q10383140,https://www.wikidata.org/wiki/Q10383140,1844-11-02T00:00:00Z,1918-08-23T00:00:00Z,1989
Tomás de Sousa Rosa,Q47468453,https://www.wikidata.org/wiki/Q47468453,1867-03-01T00:00:00Z,1929-06-04T00:00:00Z,2000
Tomás del Negro,Q22965075,https://www.wikidata.org/wiki/Q22965075,1850-06-05T00:00:00Z,1933-02-12T00:00:00Z,2004
Tomé Barbosa de Figueiredo Almeida Cardoso,Q3531486,https://www.wikidata.org/wiki/Q3531486,1750-01-01T00:00:00Z,1820-01-01T00:00:00Z,1891
Tomé Belo de Castro,Q97919748,https://www.wikidata.org/wiki/Q97919748,1910-06-01T00:00:00Z,1950-02-13T00:00:00Z,2021
Tomé de Barros Queirós,Q331429,https://www.wikidata.org/wiki/Q331429,1872-02-02T00:00:00Z,1926-05-05T00:00:00Z,1997
Tristão da Câmara Pestana,Q91967119,https://www.wikidata.org/wiki/Q91967119,1861-02-24T00:00:00Z,1942-01-01T00:00:00Z,2013
Tristão de Ataíde,Q135650609,https://www.wikidata.org/wiki/Q135650609,1490-01-01T00:00:00Z,1550-01-01T00:00:00Z,1621
Tude Martins de Sousa,Q10385343,https://www.wikidata.org/wiki/Q10385343,1874-01-17T00:00:00Z,1951-07-16T00:00:00Z,2022
Urbano José de Sousa Loureiro,Q23771077,https://www.wikidata.org/wiki/Q23771077,1845-08-30T00:00:00Z,1880-06-10T00:00:00Z,1951
Urbano Prudêncio da Silva,Q115930007,https://www.wikidata.org/wiki/Q115930007,1852-11-13T00:00:00Z,1943-09-18T00:00:00Z,2014
Urbano de Mendonça Dias,Q10388230,https://www.wikidata.org/wiki/Q10388230,1878-06-27T00:00:00Z,1951-02-14T00:00:00Z,2022
Valentin Carvalho,Q115141405,https://www.wikidata.org/wiki/Q115141405,1559-01-01T00:00:00Z,1631-01-01T00:00:00Z,1702
Vasco Borges,Q16930363,https://www.wikidata.org/wiki/Q16930363,1882-09-23T00:00:00Z,1942-02-17T00:00:00Z,2013
Vasco Guedes de Vasconcelos,Q10389314,https://www.wikidata.org/wiki/Q10389314,1880-06-01T00:00:00Z,1950-12-22T00:00:00Z,2021
Vaz Preto,Q122708486,https://www.wikidata.org/wiki/Q122708486,1828-01-01T00:00:00Z,1902-01-01T00:00:00Z,1973
Veloso Salgado,Q3555368,https://www.wikidata.org/wiki/Q3555368,1864-04-02T00:00:00Z,1945-07-22T00:00:00Z,2016
Venceslau de Lima,Q1392611,https://www.wikidata.org/wiki/Q1392611,1858-11-15T00:00:00Z,1919-12-24T00:00:00Z,1990
Venceslau de Morais,Q922040,https://www.wikidata.org/wiki/Q922040,1854-05-30T00:00:00Z,1929-07-01T00:00:00Z,2000
Vicente Machado de Faria e Maia,Q102049453,https://www.wikidata.org/wiki/Q102049453,1868-01-01T00:00:00Z,1937-01-01T00:00:00Z,2008
Vicente Maria de Moura Coutinho de Almeida d'Eça,Q10390266,https://www.wikidata.org/wiki/Q10390266,1852-08-15T00:00:00Z,1929-11-10T00:00:00Z,2000
Vicente Pinheiro Lobo Machado de Melo e Almada,Q10390276,https://www.wikidata.org/wiki/Q10390276,1852-04-23T00:00:00Z,1922-04-14T00:00:00Z,1993
Vicente Rodrigues Monteiro,Q26270109,https://www.wikidata.org/wiki/Q26270109,1847-09-25T00:00:00Z,1936-09-25T00:00:00Z,2007
Vicente de Bragança Cunha,Q10390296,https://www.wikidata.org/wiki/Q10390296,1900-01-01T00:00:00Z,1943-01-01T00:00:00Z,2014
Victor Hugo de Azevedo Coutinho,Q719020,https://www.wikidata.org/wiki/Q719020,1871-11-12T00:00:00Z,1955-06-27T00:00:00Z,2026
Vidal Oudinot,Q10390463,https://www.wikidata.org/wiki/Q10390463,1869-03-09T00:00:00Z,1932-07-29T00:00:00Z,2003
Virgilio Machado,Q54868691,https://www.wikidata.org/wiki/Q54868691,1859-03-01T00:00:00Z,1927-06-16T00:00:00Z,1998
Virginia de Castro e Almeida,Q19974549,https://www.wikidata.org/wiki/Q19974549,1874-11-24T00:00:00Z,1945-01-22T00:00:00Z,2016
Virgílio Correia,Q17280393,https://www.wikidata.org/wiki/Q17280393,1888-10-19T00:00:00Z,1944-06-03T00:00:00Z,2015
Virgílio Guerra Pedrosa,Q116047660,https://www.wikidata.org/wiki/Q116047660,1895-01-01T00:00:00Z,1952-01-01T00:00:00Z,2023
Virgílio Soares de Albergaria,Q10391740,https://www.wikidata.org/wiki/Q10391740,1856-02-09T00:00:00Z,1927-02-21T00:00:00Z,1998
Virgínia Brites da Paixão,Q51883204,https://www.wikidata.org/wiki/Q51883204,1860-10-24T00:00:00Z,1929-01-17T00:00:00Z,2000
Virgínia Dias da Silva,Q67058690,https://www.wikidata.org/wiki/Q67058690,1850-03-19T00:00:00Z,1922-12-19T00:00:00Z,1993
Viriato de Lacerda,Q18471183,https://www.wikidata.org/wiki/Q18471183,1887-01-01T00:00:00Z,1917-01-01T00:00:00Z,1988
Visconde de São Boaventura,Q130367013,https://www.wikidata.org/wiki/Q130367013,1855-01-01T00:00:00Z,1910-01-01T00:00:00Z,1981
Vital Fontes,Q131468386,https://www.wikidata.org/wiki/Q131468386,1861-11-06T00:00:00Z,1954-04-21T00:00:00Z,2025
Vitoriano Braga,Q104629683,https://www.wikidata.org/wiki/Q104629683,1888-01-01T00:00:00Z,1940-01-01T00:00:00Z,2011
Vitoriano da Rosa Martins,Q115856887,https://www.wikidata.org/wiki/Q115856887,1843-05-03T00:00:00Z,1921-08-24T00:00:00Z,1992
Vitorino Teixeira Laranjeira,Q48124477,https://www.wikidata.org/wiki/Q48124477,1855-01-01T00:00:00Z,1934-02-13T00:00:00Z,2005
Vitória Pais Freire de Andrade,Q63183190,https://www.wikidata.org/wiki/Q63183190,1883-01-01T00:00:00Z,1930-11-07T00:00:00Z,2001
Vítor Augusto Chaves Lemos e Melo,Q10392721,https://www.wikidata.org/wiki/Q10392721,1856-04-04T00:00:00Z,1919-08-24T00:00:00Z,1990
Vítor Ribeiro,Q104631316,https://www.wikidata.org/wiki/Q104631316,1862-01-01T00:00:00Z,1930-01-01T00:00:00Z,2001
Vítor da Costa e Silva,Q10392753,https://www.wikidata.org/wiki/Q10392753,1851-04-12T00:00:00Z,1946-02-07T00:00:00Z,2017
Xavier Firmino Vieira,Q137426266,https://www.wikidata.org/wiki/Q137426266,1860-01-01T00:00:00Z,1955-01-01T00:00:00Z,2026
Xavier da Cunha,Q10394290,https://www.wikidata.org/wiki/Q10394290,1840-02-14T00:00:00Z,1920-01-11T00:00:00Z,1991
Xavier da Silva,Q137399321,https://www.wikidata.org/wiki/Q137399321,1879-01-01T00:00:00Z,1955-01-01T00:00:00Z,2026
Xavier de Carvalho,Q110087177,https://www.wikidata.org/wiki/Q110087177,1862-01-01T00:00:00Z,1919-01-01T00:00:00Z,1990
Zacarias José Guerreiro,Q10394839,https://www.wikidata.org/wiki/Q10394839,1859-01-01T00:00:00Z,1918-01-01T00:00:00Z,1989
Zoé Batalha Reis,Q117349233,https://www.wikidata.org/wiki/Q117349233,1867-01-01T00:00:00Z,1949-01-01T00:00:00Z,2020
Zé do Telhado,Q10395483,https://www.wikidata.org/wiki/Q10395483,1818-06-22T00:00:00Z,1875-01-01T00:00:00Z,1946
Álvaro Augusto Machado,Q9393569,https://www.wikidata.org/wiki/Q9393569,1874-01-01T00:00:00Z,1944-01-01T00:00:00Z,2015
Álvaro Augusto Pegado de Sousa Pinto Barroso,Q16489277,https://www.wikidata.org/wiki/Q16489277,1862-04-09T00:00:00Z,1953-12-12T00:00:00Z,2024
Álvaro Bulhão Pato,Q18237454,https://www.wikidata.org/wiki/Q18237454,1860-03-04T00:00:00Z,1936-02-14T00:00:00Z,2007
Álvaro Feijó,Q10395791,https://www.wikidata.org/wiki/Q10395791,1916-07-05T00:00:00Z,1941-03-09T00:00:00Z,2012
Álvaro Manso de Sousa,Q123054474,https://www.wikidata.org/wiki/Q123054474,1896-01-01T00:00:00Z,1953-01-01T00:00:00Z,2024
Álvaro Pereira de Lacerda,Q10395810,https://www.wikidata.org/wiki/Q10395810,1877-01-01T00:00:00Z,1943-10-03T00:00:00Z,2014
Álvaro da Silva Pinheiro Chagas,Q10395883,https://www.wikidata.org/wiki/Q10395883,1872-01-01T00:00:00Z,1935-01-01T00:00:00Z,2006
Álvaro de Almeida,Q106301847,https://www.wikidata.org/wiki/Q106301847,1888-10-21T00:00:00Z,1945-02-02T00:00:00Z,2016
Álvaro de Almeida Matos,Q131417581,https://www.wikidata.org/wiki/Q131417581,1880-01-01T00:00:00Z,1954-01-01T00:00:00Z,2025
"Álvaro de Ataíde, senhor de Penacova",Q135656115,https://www.wikidata.org/wiki/Q135656115,1440-01-01T00:00:00Z,1498-01-01T00:00:00Z,1569
Álvaro de Castelões,Q114734347,https://www.wikidata.org/wiki/Q114734347,1859-04-01T00:00:00Z,1953-07-09T00:00:00Z,2024
Álvaro de Castro,Q251430,https://www.wikidata.org/wiki/Q251430,1878-11-09T00:00:00Z,1928-06-29T00:00:00Z,1999
Álvaro de Oliveira Soares de Andrea,Q23778016,https://www.wikidata.org/wiki/Q23778016,1864-08-31T00:00:00Z,1939-08-14T00:00:00Z,2010
Álvaro de Sousa Rego,Q16489301,https://www.wikidata.org/wiki/Q16489301,1865-04-02T00:00:00Z,1945-12-30T00:00:00Z,2016
Ângela Pinto,Q104216971,https://www.wikidata.org/wiki/Q104216971,1869-11-15T00:00:00Z,1925-03-09T00:00:00Z,1996
Ângelo Jorge,Q10396149,https://www.wikidata.org/wiki/Q10396149,1883-09-04T00:00:00Z,1922-01-01T00:00:00Z,1993
Ângelo Ribeiro,Q84598372,https://www.wikidata.org/wiki/Q84598372,1886-01-07T00:00:00Z,1936-10-05T00:00:00Z,2007
Ângelo de Lima,Q252715,https://www.wikidata.org/wiki/Q252715,1872-07-30T00:00:00Z,1921-08-14T00:00:00Z,1992
Óscar Carmona,Q314022,https://www.wikidata.org/wiki/Q314022,1869-11-24T00:00:00Z,1951-04-18T00:00:00Z,2022
Óscar Monteiro Torres,Q3357019,https://www.wikidata.org/wiki/Q3357019,1889-03-26T00:00:00Z,1917-11-20T00:00:00Z,1988
Óscar de Lemos,Q24203438,https://www.wikidata.org/wiki/Q24203438,1904-09-17T00:00:00Z,1954-12-10T00:00:00Z,2025
